,Timestamp,Facultad ,Sexo,Edad,Semestre(número),Orientación Sexual,Religión,Estatura(cm),Peso(kg),Cantidad de Parejas Sexuales,Edad Primera Vez,Activo Sexualmente,Frecuencia(Mes),Bachillerato de Origen,Hermanos Edades,Edad Padre,Escolaridad Padre,Edad Madre,Escolaridad Madre,Delegación,Has tenido relaciones con desconocidos,Consumes bebidas alcohólicas,Frecuencia de consumo al mes(número),Consumes marihuana,Frecuencia al mes(número),Hermana Mujer,Hermano Hombre,Hijo Unico,Hermano Menor,Hermano Enmedio,Hermano Mayor
0,2/4/2020 9:59:34,7.0,1.0,1.0,1.0,1.0,2.0,28.0,30.0,1.0,4.0,1.0,2.0,2.0,1.0,17.0,3.0,14.0,0.0,9.0,0.0,1.0,0.0,0.0,0.0,0.0,0.0,0.0,0.0,0.0,1.0
1,2/4/2020 10:01:35,12.0,0.0,1.0,1.0,1.0,2.0,15.0,9.0,1.0,5.0,1.0,1.0,2.0,67.0,27.0,4.0,17.0,3.0,16.0,0.0,1.0,0.0,0.0,0.0,1.0,0.0,0.0,1.0,0.0,0.0
2,2/4/2020 10:48:17,12.0,0.0,4.0,7.0,1.0,2.0,16.0,6.0,1.0,10.0,1.0,0.0,2.0,84.0,20.0,3.0,17.0,3.0,12.0,0.0,0.0,0.0,0.0,0.0,1.0,1.0,0.0,0.0,1.0,0.0
3,2/4/2020 10:53:20,12.0,0.0,3.0,3.0,1.0,1.0,22.0,26.0,5.0,5.0,1.0,1.0,3.0,1.0,16.0,2.0,13.0,2.0,12.0,0.0,1.0,2.0,1.0,1.0,0.0,0.0,0.0,0.0,0.0,1.0
4,2/4/2020 10:54:24,12.0,0.0,2.0,3.0,1.0,2.0,15.0,30.0,1.0,7.0,0.0,0.0,2.0,142.0,32.0,1.0,23.0,1.0,1.0,0.0,1.0,4.0,0.0,0.0,1.0,1.0,0.0,1.0,0.0,0.0
5,2/4/2020 10:54:49,12.0,0.0,3.0,3.0,1.0,2.0,20.0,17.0,0.0,7.0,0.0,0.0,3.0,24.0,16.0,2.0,16.0,2.0,12.0,0.0,1.0,2.0,0.0,0.0,1.0,0.0,0.0,0.0,0.0,1.0
6,2/4/2020 10:58:23,12.0,1.0,2.0,1.0,1.0,1.0,21.0,31.0,5.0,4.0,1.0,1.0,0.0,14.0,6.0,4.0,6.0,4.0,13.0,0.0,1.0,8.0,1.0,2.0,1.0,0.0,0.0,0.0,0.0,1.0
7,2/4/2020 10:58:29,12.0,0.0,2.0,1.0,1.0,1.0,20.0,29.0,2.0,5.0,1.0,7.0,2.0,144.0,15.0,4.0,10.0,0.0,5.0,0.0,1.0,4.0,0.0,0.0,1.0,1.0,0.0,0.0,0.0,1.0
8,2/4/2020 10:58:34,12.0,1.0,2.0,1.0,1.0,2.0,40.0,54.0,1.0,5.0,0.0,0.0,2.0,155.0,13.0,5.0,15.0,5.0,2.0,0.0,0.0,0.0,0.0,0.0,0.0,0.0,1.0,0.0,0.0,0.0
9,2/4/2020 10:59:49,12.0,0.0,1.0,1.0,1.0,2.0,5.0,14.0,4.0,4.0,1.0,6.0,0.0,130.0,26.0,3.0,18.0,0.0,2.0,1.0,1.0,4.0,0.0,0.0,1.0,0.0,0.0,1.0,0.0,0.0
10,2/4/2020 11:03:31,12.0,1.0,2.0,3.0,2.0,2.0,25.0,38.0,21.0,5.0,1.0,4.0,2.0,1.0,15.0,3.0,11.0,3.0,5.0,1.0,1.0,4.0,0.0,0.0,0.0,0.0,0.0,0.0,0.0,1.0
11,2/4/2020 11:03:32,12.0,0.0,2.0,3.0,1.0,0.0,17.0,19.0,6.0,5.0,1.0,2.0,3.0,1.0,20.0,3.0,20.0,3.0,1.0,0.0,1.0,4.0,0.0,0.0,0.0,0.0,0.0,0.0,0.0,1.0
12,2/4/2020 11:06:32,12.0,1.0,3.0,3.0,0.0,2.0,27.0,24.0,19.0,2.0,1.0,4.0,2.0,49.0,3.0,4.0,2.0,3.0,2.0,1.0,1.0,4.0,1.0,1.0,1.0,0.0,0.0,0.0,0.0,1.0
13,2/4/2020 11:10:18,12.0,0.0,1.0,0.0,1.0,2.0,15.0,6.0,1.0,6.0,0.0,0.0,2.0,155.0,17.0,3.0,17.0,3.0,1.0,0.0,1.0,5.0,0.0,0.0,0.0,0.0,1.0,0.0,0.0,0.0
14,2/4/2020 11:11:32,12.0,1.0,1.0,0.0,1.0,2.0,25.0,31.0,4.0,4.0,1.0,2.0,2.0,27.0,15.0,4.0,17.0,3.0,2.0,0.0,1.0,4.0,0.0,0.0,1.0,0.0,0.0,0.0,0.0,1.0
15,2/4/2020 11:11:53,12.0,1.0,2.0,1.0,1.0,0.0,38.0,41.0,6.0,5.0,1.0,5.0,2.0,2.0,24.0,3.0,22.0,3.0,2.0,1.0,1.0,5.0,1.0,3.0,1.0,0.0,0.0,0.0,0.0,1.0
16,2/4/2020 11:15:34,12.0,1.0,4.0,5.0,1.0,0.0,39.0,34.0,0.0,0.0,0.0,0.0,2.0,145.0,6.0,3.0,5.0,3.0,0.0,0.0,1.0,3.0,0.0,0.0,0.0,1.0,0.0,0.0,0.0,1.0
17,2/4/2020 11:15:43,12.0,0.0,3.0,5.0,1.0,2.0,20.0,33.0,1.0,6.0,1.0,3.0,2.0,88.0,19.0,3.0,21.0,1.0,5.0,0.0,1.0,4.0,0.0,0.0,0.0,1.0,0.0,1.0,0.0,0.0
18,2/4/2020 11:51:22,8.0,0.0,1.0,1.0,1.0,2.0,15.0,26.0,1.0,7.0,0.0,0.0,2.0,1.0,11.0,0.0,12.0,4.0,15.0,0.0,0.0,0.0,0.0,0.0,0.0,0.0,0.0,0.0,0.0,1.0
19,2/4/2020 11:53:06,7.0,1.0,2.0,1.0,1.0,0.0,18.0,33.0,1.0,7.0,1.0,0.0,2.0,23.0,12.0,1.0,6.0,1.0,12.0,0.0,1.0,2.0,0.0,0.0,0.0,1.0,0.0,0.0,0.0,1.0
20,2/4/2020 11:55:28,8.0,0.0,1.0,1.0,1.0,3.0,13.0,14.0,3.0,4.0,1.0,14.0,2.0,155.0,11.0,3.0,11.0,3.0,15.0,0.0,1.0,5.0,1.0,1.0,0.0,0.0,1.0,0.0,0.0,0.0
21,2/4/2020 12:00:00,8.0,0.0,1.0,1.0,1.0,2.0,13.0,24.0,1.0,5.0,0.0,1.0,0.0,57.0,10.0,3.0,9.0,3.0,12.0,0.0,1.0,2.0,0.0,0.0,1.0,0.0,0.0,1.0,0.0,0.0
22,2/4/2020 12:00:26,8.0,1.0,1.0,1.0,1.0,2.0,35.0,38.0,1.0,6.0,1.0,1.0,2.0,21.0,7.0,2.0,8.0,2.0,6.0,0.0,1.0,2.0,0.0,1.0,1.0,0.0,0.0,0.0,0.0,1.0
23,2/4/2020 12:04:40,8.0,0.0,3.0,1.0,1.0,2.0,8.0,6.0,3.0,8.0,1.0,14.0,3.0,19.0,12.0,3.0,10.0,3.0,0.0,0.0,1.0,3.0,0.0,0.0,1.0,1.0,0.0,0.0,0.0,1.0
24,2/4/2020 12:07:31,8.0,1.0,12.0,10.0,1.0,0.0,28.0,51.0,6.0,9.0,0.0,0.0,1.0,67.0,30.0,1.0,17.0,0.0,5.0,0.0,1.0,5.0,0.0,0.0,1.0,0.0,0.0,0.0,0.0,1.0
25,2/4/2020 12:15:35,8.0,0.0,8.0,7.0,1.0,1.0,19.0,14.0,16.0,7.0,1.0,1.0,0.0,95.0,11.0,3.0,15.0,4.0,6.0,0.0,1.0,2.0,0.0,0.0,1.0,0.0,0.0,0.0,0.0,1.0
26,2/4/2020 12:15:38,8.0,0.0,2.0,1.0,1.0,1.0,30.0,18.0,2.0,6.0,0.0,1.0,2.0,79.0,11.0,3.0,7.0,0.0,16.0,0.0,1.0,2.0,0.0,0.0,0.0,1.0,0.0,1.0,0.0,0.0
27,2/4/2020 12:16:22,8.0,1.0,1.0,1.0,1.0,2.0,20.0,30.0,0.0,0.0,0.0,0.0,2.0,14.0,31.0,2.0,12.0,0.0,4.0,0.0,0.0,0.0,0.0,0.0,0.0,1.0,0.0,0.0,0.0,1.0
28,2/4/2020 12:17:11,8.0,1.0,4.0,1.0,1.0,2.0,34.0,27.0,2.0,5.0,0.0,2.0,0.0,63.0,8.0,5.0,6.0,5.0,6.0,0.0,1.0,0.0,0.0,0.0,1.0,0.0,0.0,1.0,0.0,0.0
29,2/4/2020 12:17:34,8.0,0.0,2.0,1.0,1.0,4.0,22.0,14.0,3.0,5.0,1.0,5.0,0.0,41.0,11.0,1.0,8.0,0.0,6.0,0.0,0.0,0.0,0.0,0.0,1.0,0.0,0.0,0.0,0.0,1.0
30,2/4/2020 12:20:25,8.0,1.0,2.0,1.0,1.0,2.0,35.0,30.0,2.0,6.0,0.0,0.0,3.0,88.0,16.0,4.0,18.0,3.0,8.0,0.0,1.0,3.0,0.0,0.0,0.0,1.0,0.0,1.0,0.0,0.0
31,2/4/2020 12:22:04,8.0,0.0,2.0,3.0,1.0,2.0,19.0,24.0,3.0,7.0,1.0,2.0,2.0,147.0,8.0,3.0,2.0,5.0,7.0,0.0,1.0,3.0,0.0,0.0,1.0,0.0,0.0,0.0,0.0,1.0
32,2/4/2020 12:23:06,8.0,1.0,2.0,3.0,0.0,2.0,33.0,44.0,12.0,2.0,1.0,2.0,2.0,83.0,16.0,0.0,14.0,1.0,16.0,1.0,1.0,3.0,0.0,0.0,1.0,0.0,0.0,0.0,1.0,0.0
33,2/4/2020 12:26:16,8.0,0.0,4.0,1.0,1.0,2.0,15.0,5.0,1.0,8.0,1.0,12.0,0.0,49.0,15.0,3.0,11.0,3.0,15.0,0.0,1.0,1.0,0.0,0.0,0.0,0.0,0.0,0.0,0.0,1.0
34,2/4/2020 12:27:28,12.0,0.0,5.0,7.0,1.0,2.0,17.0,20.0,1.0,11.0,1.0,1.0,3.0,99.0,26.0,3.0,23.0,2.0,12.0,0.0,1.0,4.0,0.0,0.0,1.0,0.0,0.0,0.0,1.0,0.0
35,2/4/2020 12:47:18,10.0,1.0,7.0,7.0,1.0,0.0,15.0,15.0,7.0,7.0,1.0,3.0,1.0,52.0,9.0,5.0,10.0,5.0,13.0,0.0,0.0,0.0,1.0,4.0,0.0,0.0,0.0,0.0,0.0,1.0
36,2/4/2020 12:47:33,10.0,0.0,4.0,7.0,1.0,1.0,11.0,8.0,1.0,5.0,1.0,1.0,0.0,88.0,18.0,0.0,18.0,1.0,5.0,0.0,1.0,1.0,0.0,0.0,0.0,1.0,0.0,1.0,0.0,0.0
37,2/4/2020 12:49:38,10.0,0.0,6.0,9.0,1.0,2.0,14.0,2.0,1.0,5.0,1.0,3.0,2.0,71.0,19.0,4.0,17.0,3.0,12.0,0.0,0.0,0.0,0.0,0.0,1.0,0.0,0.0,1.0,0.0,0.0
38,2/4/2020 12:54:23,10.0,0.0,4.0,7.0,1.0,2.0,15.0,5.0,1.0,8.0,1.0,4.0,0.0,88.0,28.0,3.0,27.0,3.0,6.0,0.0,0.0,0.0,0.0,0.0,1.0,0.0,0.0,1.0,0.0,0.0
39,2/4/2020 12:57:15,10.0,1.0,6.0,7.0,1.0,3.0,22.0,15.0,5.0,5.0,1.0,2.0,2.0,21.0,13.0,3.0,11.0,3.0,2.0,0.0,1.0,5.0,0.0,0.0,0.0,1.0,0.0,0.0,0.0,1.0
40,2/4/2020 13:00:16,10.0,0.0,5.0,7.0,1.0,3.0,18.0,22.0,2.0,8.0,1.0,2.0,2.0,60.0,18.0,3.0,15.0,1.0,10.0,0.0,0.0,0.0,0.0,0.0,1.0,0.0,0.0,0.0,0.0,1.0
41,2/4/2020 13:03:57,10.0,0.0,4.0,5.0,1.0,2.0,22.0,15.0,1.0,6.0,1.0,5.0,0.0,96.0,16.0,1.0,16.0,1.0,5.0,1.0,1.0,3.0,1.0,2.0,1.0,0.0,0.0,1.0,0.0,0.0
42,2/4/2020 13:04:01,10.0,0.0,3.0,5.0,1.0,2.0,20.0,23.0,1.0,8.0,0.0,0.0,2.0,69.0,16.0,0.0,14.0,1.0,7.0,0.0,1.0,1.0,0.0,0.0,1.0,1.0,0.0,0.0,1.0,0.0
43,2/4/2020 13:04:07,10.0,0.0,3.0,5.0,1.0,2.0,5.0,17.0,7.0,4.0,1.0,0.0,0.0,27.0,23.0,5.0,16.0,0.0,5.0,0.0,1.0,3.0,1.0,3.0,1.0,0.0,0.0,0.0,0.0,1.0
44,2/4/2020 13:04:19,10.0,0.0,3.0,5.0,1.0,2.0,5.0,17.0,7.0,4.0,1.0,0.0,0.0,27.0,23.0,5.0,16.0,0.0,5.0,0.0,1.0,3.0,1.0,3.0,1.0,0.0,0.0,0.0,0.0,1.0
45,2/4/2020 13:08:25,10.0,1.0,5.0,7.0,0.0,2.0,25.0,19.0,5.0,6.0,0.0,1.0,2.0,150.0,11.0,3.0,16.0,3.0,8.0,0.0,1.0,12.0,0.0,0.0,0.0,0.0,0.0,0.0,0.0,1.0
46,2/4/2020 13:09:15,10.0,0.0,9.0,7.0,1.0,3.0,15.0,17.0,5.0,6.0,1.0,4.0,0.0,108.0,18.0,5.0,17.0,1.0,12.0,0.0,1.0,11.0,0.0,0.0,1.0,1.0,0.0,0.0,1.0,0.0
47,2/4/2020 13:12:04,10.0,0.0,5.0,7.0,1.0,3.0,10.0,50.0,0.0,6.0,0.0,0.0,1.0,85.0,17.0,0.0,14.0,0.0,2.0,0.0,0.0,0.0,0.0,0.0,1.0,0.0,0.0,0.0,1.0,0.0
48,2/4/2020 13:16:27,10.0,1.0,3.0,5.0,1.0,1.0,29.0,47.0,2.0,7.0,1.0,4.0,3.0,13.0,16.0,0.0,16.0,3.0,16.0,0.0,1.0,1.0,0.0,0.0,0.0,1.0,0.0,0.0,1.0,0.0
49,2/4/2020 13:17:42,10.0,0.0,3.0,5.0,1.0,2.0,19.0,24.0,1.0,9.0,1.0,2.0,2.0,24.0,13.0,3.0,13.0,3.0,8.0,0.0,1.0,2.0,0.0,0.0,1.0,0.0,0.0,0.0,0.0,1.0
50,2/4/2020 13:20:47,10.0,0.0,3.0,5.0,1.0,2.0,15.0,19.0,2.0,6.0,1.0,2.0,2.0,21.0,13.0,5.0,13.0,0.0,0.0,0.0,1.0,1.0,0.0,0.0,1.0,0.0,0.0,0.0,0.0,1.0
51,2/4/2020 13:21:06,10.0,0.0,5.0,7.0,1.0,2.0,20.0,14.0,4.0,5.0,1.0,6.0,2.0,155.0,18.0,4.0,18.0,3.0,12.0,0.0,1.0,2.0,0.0,0.0,0.0,0.0,1.0,0.0,0.0,0.0
52,2/4/2020 13:23:14,10.0,0.0,10.0,3.0,1.0,2.0,15.0,29.0,13.0,6.0,1.0,1.0,3.0,1.0,21.0,3.0,14.0,0.0,16.0,0.0,1.0,2.0,0.0,0.0,0.0,0.0,0.0,0.0,0.0,1.0
53,2/4/2020 13:25:38,10.0,0.0,7.0,7.0,1.0,2.0,10.0,15.0,4.0,8.0,1.0,2.0,0.0,96.0,20.0,0.0,16.0,0.0,13.0,0.0,1.0,3.0,0.0,0.0,1.0,0.0,0.0,1.0,0.0,0.0
54,2/4/2020 13:26:16,10.0,0.0,3.0,5.0,1.0,2.0,15.0,35.0,0.0,0.0,0.0,0.0,0.0,105.0,5.0,3.0,22.0,5.0,8.0,0.0,1.0,2.0,0.0,0.0,0.0,0.0,0.0,1.0,0.0,0.0
55,2/4/2020 13:26:29,10.0,1.0,3.0,5.0,1.0,1.0,34.0,34.0,13.0,3.0,1.0,2.0,2.0,125.0,11.0,3.0,9.0,3.0,10.0,1.0,1.0,2.0,1.0,1.0,0.0,0.0,0.0,0.0,1.0,0.0
56,2/4/2020 13:31:40,10.0,0.0,2.0,3.0,1.0,2.0,1.0,15.0,1.0,5.0,1.0,16.0,2.0,57.0,16.0,2.0,15.0,2.0,16.0,0.0,1.0,9.0,0.0,0.0,0.0,1.0,0.0,1.0,0.0,0.0
57,2/4/2020 13:35:36,10.0,0.0,5.0,5.0,1.0,1.0,8.0,23.0,1.0,4.0,1.0,12.0,0.0,155.0,20.0,0.0,18.0,0.0,8.0,1.0,1.0,4.0,0.0,0.0,0.0,0.0,1.0,0.0,0.0,0.0
58,2/4/2020 13:43:27,10.0,0.0,4.0,6.0,1.0,2.0,11.0,12.0,11.0,7.0,1.0,2.0,0.0,77.0,23.0,3.0,22.0,3.0,12.0,0.0,1.0,4.0,0.0,0.0,0.0,1.0,0.0,0.0,1.0,0.0
59,2/4/2020 13:47:06,10.0,0.0,3.0,5.0,1.0,2.0,15.0,22.0,2.0,6.0,1.0,1.0,0.0,143.0,26.0,5.0,26.0,5.0,8.0,0.0,1.0,2.0,0.0,0.0,1.0,0.0,0.0,1.0,0.0,0.0
60,2/4/2020 13:47:42,10.0,0.0,3.0,5.0,1.0,0.0,20.0,31.0,9.0,4.0,1.0,1.0,2.0,48.0,11.0,3.0,15.0,3.0,14.0,0.0,1.0,1.0,0.0,0.0,1.0,0.0,0.0,0.0,0.0,1.0
61,2/4/2020 13:52:09,10.0,0.0,4.0,7.0,1.0,1.0,23.0,30.0,14.0,5.0,1.0,16.0,0.0,2.0,16.0,3.0,17.0,0.0,15.0,0.0,1.0,4.0,1.0,1.0,0.0,1.0,0.0,0.0,0.0,1.0
62,2/4/2020 13:54:11,10.0,0.0,4.0,7.0,0.0,2.0,15.0,12.0,6.0,5.0,0.0,0.0,0.0,97.0,14.0,5.0,12.0,1.0,10.0,0.0,1.0,1.0,0.0,0.0,1.0,1.0,0.0,1.0,0.0,0.0
63,2/4/2020 14:01:54,5.0,1.0,2.0,1.0,0.0,1.0,30.0,47.0,8.0,5.0,1.0,2.0,2.0,67.0,10.0,3.0,5.0,5.0,8.0,1.0,0.0,0.0,0.0,0.0,1.0,0.0,0.0,1.0,0.0,0.0
64,2/4/2020 14:09:46,7.0,1.0,4.0,7.0,1.0,1.0,33.0,35.0,3.0,4.0,1.0,4.0,0.0,49.0,11.0,0.0,12.0,0.0,12.0,0.0,1.0,1.0,0.0,0.0,1.0,0.0,0.0,0.0,0.0,1.0
65,2/4/2020 14:09:52,7.0,1.0,5.0,7.0,1.0,2.0,31.0,30.0,3.0,7.0,1.0,2.0,0.0,91.0,15.0,0.0,17.0,0.0,5.0,0.0,1.0,3.0,0.0,0.0,0.0,1.0,0.0,0.0,1.0,0.0
66,2/4/2020 14:09:59,7.0,0.0,4.0,7.0,1.0,2.0,22.0,22.0,2.0,6.0,1.0,3.0,2.0,111.0,22.0,3.0,20.0,3.0,4.0,0.0,1.0,1.0,0.0,0.0,0.0,1.0,0.0,1.0,0.0,0.0
67,2/4/2020 14:13:36,0.0,1.0,3.0,1.0,1.0,1.0,35.0,41.0,1.0,6.0,1.0,6.0,3.0,71.0,12.0,3.0,13.0,3.0,9.0,0.0,1.0,9.0,1.0,1.0,0.0,1.0,0.0,1.0,0.0,0.0
68,2/4/2020 14:15:22,0.0,1.0,3.0,1.0,1.0,1.0,25.0,36.0,2.0,7.0,1.0,1.0,3.0,38.0,21.0,3.0,19.0,3.0,16.0,0.0,1.0,7.0,1.0,1.0,1.0,0.0,0.0,0.0,0.0,1.0
69,2/4/2020 14:20:13,5.0,1.0,1.0,1.0,3.0,1.0,26.0,32.0,1.0,7.0,0.0,0.0,2.0,11.0,12.0,4.0,15.0,4.0,1.0,0.0,1.0,6.0,0.0,0.0,1.0,0.0,0.0,0.0,0.0,1.0
70,2/4/2020 14:20:27,5.0,0.0,1.0,1.0,1.0,0.0,20.0,17.0,4.0,6.0,1.0,2.0,2.0,132.0,19.0,3.0,19.0,0.0,15.0,0.0,1.0,8.0,0.0,0.0,0.0,1.0,0.0,0.0,1.0,0.0
71,2/4/2020 14:21:01,6.0,0.0,1.0,0.0,1.0,0.0,24.0,20.0,4.0,5.0,1.0,0.0,2.0,1.0,23.0,4.0,20.0,4.0,2.0,1.0,1.0,1.0,1.0,1.0,0.0,0.0,0.0,0.0,0.0,1.0
72,2/4/2020 14:29:48,0.0,1.0,4.0,1.0,3.0,4.0,23.0,27.0,1.0,9.0,0.0,0.0,3.0,1.0,23.0,4.0,15.0,3.0,5.0,0.0,1.0,1.0,0.0,0.0,0.0,0.0,0.0,0.0,0.0,1.0
73,2/4/2020 14:30:01,0.0,0.0,1.0,1.0,1.0,2.0,20.0,32.0,0.0,6.0,0.0,0.0,2.0,88.0,14.0,1.0,15.0,0.0,3.0,0.0,0.0,0.0,0.0,0.0,1.0,0.0,0.0,1.0,0.0,0.0
74,2/4/2020 14:32:11,0.0,1.0,0.0,1.0,2.0,0.0,34.0,27.0,4.0,3.0,1.0,1.0,2.0,67.0,20.0,3.0,21.0,3.0,12.0,1.0,1.0,1.0,0.0,1.0,0.0,0.0,0.0,1.0,0.0,0.0
75,2/4/2020 14:32:42,0.0,1.0,4.0,1.0,1.0,0.0,28.0,42.0,2.0,5.0,0.0,1.0,2.0,29.0,13.0,0.0,9.0,0.0,2.0,0.0,1.0,2.0,1.0,1.0,1.0,0.0,0.0,0.0,0.0,1.0
76,2/4/2020 14:33:13,0.0,1.0,2.0,1.0,2.0,2.0,25.0,48.0,6.0,6.0,1.0,2.0,2.0,157.0,15.0,0.0,13.0,5.0,5.0,1.0,1.0,3.0,0.0,0.0,0.0,0.0,1.0,0.0,0.0,0.0
77,2/4/2020 14:38:34,0.0,0.0,5.0,8.0,1.0,0.0,24.0,34.0,3.0,9.0,1.0,2.0,2.0,137.0,33.0,3.0,21.0,1.0,16.0,0.0,1.0,7.0,0.0,0.0,0.0,1.0,0.0,0.0,1.0,0.0
78,2/4/2020 14:38:42,6.0,0.0,3.0,5.0,0.0,0.0,19.0,27.0,4.0,5.0,1.0,9.0,2.0,88.0,25.0,3.0,17.0,1.0,1.0,0.0,1.0,3.0,0.0,0.0,0.0,1.0,0.0,1.0,0.0,0.0
79,2/4/2020 14:43:21,7.0,1.0,5.0,7.0,1.0,2.0,21.0,27.0,2.0,6.0,1.0,3.0,0.0,82.0,0.0,3.0,25.0,1.0,2.0,0.0,1.0,3.0,0.0,0.0,1.0,0.0,0.0,1.0,0.0,0.0
80,2/4/2020 14:50:52,7.0,0.0,6.0,6.0,1.0,2.0,15.0,6.0,2.0,7.0,1.0,4.0,0.0,9.0,19.0,3.0,16.0,1.0,8.0,0.0,1.0,1.0,0.0,0.0,1.0,0.0,0.0,0.0,0.0,1.0
81,2/4/2020 14:53:03,7.0,0.0,5.0,6.0,1.0,2.0,12.0,24.0,1.0,10.0,0.0,1.0,0.0,128.0,27.0,3.0,22.0,5.0,0.0,0.0,0.0,0.0,0.0,0.0,0.0,0.0,0.0,1.0,0.0,0.0
82,2/4/2020 14:53:59,7.0,1.0,7.0,8.0,1.0,2.0,27.0,38.0,1.0,10.0,1.0,2.0,0.0,155.0,12.0,1.0,21.0,5.0,4.0,0.0,1.0,4.0,0.0,0.0,0.0,0.0,1.0,0.0,0.0,0.0
83,2/4/2020 14:54:20,7.0,0.0,4.0,4.0,1.0,3.0,16.0,15.0,8.0,6.0,1.0,13.0,2.0,120.0,20.0,4.0,17.0,4.0,2.0,0.0,0.0,0.0,0.0,0.0,1.0,0.0,0.0,1.0,0.0,0.0
84,2/4/2020 14:58:33,7.0,1.0,8.0,9.0,1.0,3.0,20.0,29.0,2.0,6.0,1.0,0.0,1.0,43.0,4.0,0.0,1.0,0.0,2.0,1.0,1.0,2.0,0.0,0.0,1.0,0.0,0.0,0.0,0.0,1.0
85,2/4/2020 14:58:59,7.0,0.0,5.0,8.0,1.0,2.0,25.0,26.0,2.0,7.0,1.0,2.0,0.0,57.0,36.0,3.0,22.0,1.0,5.0,0.0,1.0,1.0,0.0,0.0,0.0,1.0,0.0,0.0,0.0,1.0
86,2/4/2020 15:00:02,7.0,1.0,5.0,9.0,1.0,3.0,36.0,38.0,2.0,7.0,0.0,0.0,2.0,53.0,18.0,3.0,17.0,1.0,5.0,1.0,1.0,1.0,0.0,0.0,0.0,0.0,0.0,0.0,1.0,0.0
87,2/4/2020 15:00:27,7.0,1.0,6.0,6.0,1.0,2.0,24.0,46.0,1.0,8.0,1.0,10.0,0.0,38.0,12.0,5.0,5.0,5.0,6.0,0.0,0.0,0.0,0.0,0.0,1.0,0.0,0.0,0.0,0.0,1.0
88,2/4/2020 15:00:35,7.0,1.0,7.0,6.0,1.0,2.0,28.0,47.0,0.0,0.0,0.0,0.0,2.0,1.0,20.0,3.0,19.0,3.0,8.0,0.0,0.0,0.0,0.0,0.0,0.0,0.0,0.0,0.0,0.0,1.0
89,2/4/2020 15:00:37,7.0,1.0,11.0,7.0,1.0,2.0,0.0,24.0,4.0,5.0,1.0,1.0,2.0,67.0,0.0,5.0,16.0,5.0,10.0,1.0,1.0,2.0,0.0,0.0,1.0,0.0,0.0,0.0,0.0,1.0
90,2/4/2020 15:00:44,7.0,1.0,11.0,7.0,1.0,2.0,0.0,24.0,4.0,5.0,1.0,1.0,2.0,67.0,0.0,5.0,16.0,5.0,10.0,1.0,1.0,2.0,0.0,0.0,1.0,0.0,0.0,0.0,0.0,1.0
91,2/4/2020 15:02:57,7.0,1.0,5.0,9.0,1.0,2.0,20.0,35.0,3.0,5.0,0.0,0.0,0.0,156.0,13.0,5.0,12.0,5.0,5.0,0.0,0.0,0.0,0.0,0.0,0.0,0.0,1.0,0.0,0.0,0.0
92,2/4/2020 15:03:10,7.0,0.0,5.0,9.0,1.0,2.0,10.0,10.0,2.0,6.0,1.0,8.0,2.0,124.0,18.0,5.0,15.0,5.0,5.0,0.0,0.0,0.0,0.0,0.0,1.0,0.0,0.0,0.0,1.0,0.0
93,2/4/2020 15:03:29,7.0,0.0,5.0,9.0,1.0,2.0,15.0,7.0,5.0,6.0,1.0,12.0,0.0,119.0,17.0,3.0,16.0,3.0,5.0,0.0,1.0,4.0,0.0,0.0,1.0,0.0,0.0,1.0,0.0,0.0
94,2/4/2020 15:03:32,7.0,0.0,5.0,9.0,1.0,1.0,11.0,14.0,3.0,6.0,1.0,2.0,2.0,155.0,18.0,3.0,18.0,3.0,5.0,0.0,0.0,0.0,0.0,0.0,0.0,0.0,1.0,0.0,0.0,0.0
95,2/4/2020 15:03:36,7.0,1.0,5.0,8.0,1.0,2.0,22.0,29.0,4.0,4.0,0.0,0.0,2.0,27.0,10.0,5.0,13.0,5.0,5.0,0.0,0.0,0.0,0.0,0.0,1.0,0.0,0.0,0.0,0.0,1.0
96,2/4/2020 15:04:26,7.0,0.0,5.0,7.0,1.0,2.0,15.0,21.0,2.0,8.0,1.0,1.0,2.0,16.0,20.0,4.0,18.0,3.0,7.0,0.0,0.0,0.0,0.0,0.0,1.0,0.0,0.0,0.0,0.0,1.0
97,2/4/2020 15:11:08,7.0,0.0,6.0,9.0,1.0,0.0,30.0,33.0,10.0,7.0,1.0,14.0,0.0,107.0,16.0,1.0,16.0,5.0,13.0,0.0,0.0,0.0,0.0,0.0,0.0,0.0,0.0,0.0,1.0,0.0
98,2/4/2020 16:47:05,0.0,1.0,3.0,5.0,1.0,3.0,29.0,24.0,0.0,0.0,0.0,0.0,2.0,63.0,26.0,3.0,11.0,1.0,5.0,0.0,1.0,1.0,0.0,0.0,1.0,0.0,0.0,1.0,0.0,0.0
99,2/4/2020 16:49:45,0.0,0.0,3.0,5.0,3.0,1.0,23.0,20.0,14.0,2.0,1.0,1.0,0.0,90.0,21.0,1.0,15.0,1.0,12.0,0.0,1.0,4.0,0.0,0.0,1.0,1.0,0.0,0.0,1.0,0.0
100,2/4/2020 16:54:26,0.0,0.0,3.0,5.0,1.0,3.0,17.0,19.0,2.0,5.0,0.0,0.0,0.0,80.0,12.0,5.0,12.0,0.0,12.0,0.0,0.0,0.0,0.0,0.0,1.0,0.0,0.0,1.0,0.0,0.0
101,2/4/2020 16:54:30,0.0,1.0,4.0,5.0,1.0,2.0,37.0,25.0,1.0,10.0,1.0,1.0,0.0,71.0,16.0,2.0,16.0,1.0,5.0,0.0,1.0,1.0,0.0,0.0,0.0,1.0,0.0,1.0,0.0,0.0
102,2/4/2020 16:57:39,5.0,0.0,4.0,5.0,1.0,1.0,12.0,21.0,6.0,4.0,1.0,3.0,2.0,31.0,11.0,1.0,8.0,1.0,16.0,1.0,1.0,4.0,1.0,3.0,0.0,1.0,0.0,0.0,0.0,1.0
103,2/4/2020 17:44:05,10.0,0.0,5.0,7.0,1.0,2.0,15.0,23.0,7.0,8.0,1.0,4.0,0.0,155.0,14.0,0.0,12.0,5.0,2.0,0.0,1.0,4.0,0.0,0.0,0.0,0.0,1.0,0.0,0.0,0.0
104,2/4/2020 17:46:21,12.0,1.0,2.0,1.0,1.0,1.0,21.0,31.0,5.0,4.0,1.0,1.0,0.0,14.0,6.0,4.0,6.0,4.0,13.0,0.0,1.0,8.0,1.0,2.0,1.0,0.0,0.0,0.0,0.0,1.0
105,2/4/2020 18:27:46,7.0,0.0,5.0,3.0,1.0,2.0,10.0,14.0,2.0,4.0,1.0,0.0,2.0,104.0,22.0,3.0,22.0,3.0,0.0,0.0,1.0,2.0,1.0,5.0,0.0,1.0,0.0,1.0,0.0,0.0
106,2/4/2020 21:14:29,7.0,1.0,5.0,7.0,1.0,2.0,25.0,29.0,1.0,8.0,1.0,4.0,0.0,65.0,23.0,3.0,21.0,3.0,2.0,1.0,1.0,1.0,0.0,0.0,0.0,0.0,0.0,0.0,1.0,0.0
107,2/4/2020 21:31:25,5.0,0.0,4.0,5.0,1.0,1.0,12.0,21.0,6.0,4.0,1.0,3.0,2.0,31.0,11.0,1.0,8.0,1.0,16.0,1.0,1.0,4.0,1.0,3.0,0.0,1.0,0.0,0.0,0.0,1.0
108,2/4/2020 21:41:41,5.0,0.0,1.0,1.0,1.0,0.0,20.0,17.0,4.0,6.0,1.0,2.0,2.0,132.0,19.0,3.0,19.0,0.0,15.0,0.0,1.0,8.0,0.0,0.0,0.0,1.0,0.0,0.0,1.0,0.0
109,2/5/2020 10:53:00,4.0,1.0,3.0,3.0,2.0,0.0,33.0,30.0,4.0,6.0,1.0,10.0,3.0,109.0,23.0,4.0,20.0,3.0,2.0,1.0,0.0,0.0,1.0,1.0,1.0,1.0,0.0,1.0,0.0,0.0
110,2/5/2020 10:54:30,4.0,1.0,4.0,3.0,2.0,1.0,26.0,32.0,14.0,3.0,1.0,2.0,2.0,38.0,14.0,3.0,6.0,3.0,5.0,1.0,1.0,3.0,0.0,0.0,0.0,0.0,0.0,0.0,0.0,1.0
111,2/5/2020 10:59:22,4.0,1.0,1.0,1.0,1.0,1.0,24.0,35.0,13.0,4.0,1.0,10.0,2.0,64.0,26.0,4.0,11.0,2.0,0.0,1.0,1.0,4.0,1.0,1.0,1.0,0.0,0.0,1.0,0.0,0.0
112,2/5/2020 11:00:29,4.0,1.0,3.0,3.0,1.0,0.0,37.0,35.0,17.0,5.0,1.0,12.0,2.0,27.0,7.0,4.0,6.0,0.0,15.0,1.0,1.0,9.0,0.0,0.0,0.0,1.0,0.0,0.0,0.0,1.0
113,2/5/2020 11:01:19,4.0,0.0,3.0,3.0,1.0,3.0,14.0,29.0,10.0,5.0,1.0,16.0,2.0,126.0,26.0,3.0,20.0,3.0,9.0,0.0,1.0,2.0,0.0,0.0,1.0,0.0,0.0,1.0,0.0,0.0
114,2/5/2020 11:01:52,4.0,1.0,2.0,3.0,1.0,2.0,27.0,30.0,10.0,4.0,1.0,10.0,0.0,21.0,8.0,3.0,3.0,3.0,5.0,1.0,1.0,2.0,0.0,0.0,1.0,0.0,0.0,0.0,0.0,1.0
115,2/5/2020 11:02:00,4.0,1.0,2.0,3.0,1.0,2.0,27.0,30.0,10.0,4.0,1.0,10.0,0.0,21.0,8.0,3.0,3.0,3.0,5.0,1.0,1.0,2.0,0.0,0.0,1.0,0.0,0.0,0.0,0.0,1.0
116,2/5/2020 11:09:57,4.0,0.0,1.0,1.0,1.0,2.0,15.0,20.0,3.0,7.0,0.0,7.0,1.0,103.0,20.0,1.0,19.0,1.0,8.0,0.0,1.0,3.0,0.0,0.0,1.0,0.0,0.0,1.0,0.0,0.0
117,2/5/2020 11:11:15,4.0,0.0,3.0,1.0,1.0,1.0,10.0,0.0,3.0,7.0,0.0,0.0,1.0,151.0,0.0,3.0,18.0,3.0,8.0,0.0,1.0,1.0,0.0,1.0,1.0,0.0,0.0,0.0,1.0,0.0
118,2/5/2020 11:18:02,4.0,0.0,3.0,5.0,1.0,3.0,25.0,21.0,1.0,8.0,1.0,16.0,0.0,155.0,16.0,4.0,11.0,3.0,1.0,0.0,1.0,4.0,0.0,0.0,0.0,0.0,1.0,0.0,0.0,0.0
119,2/5/2020 11:18:54,4.0,0.0,5.0,5.0,1.0,2.0,18.0,34.0,1.0,5.0,1.0,1.0,2.0,127.0,18.0,5.0,17.0,1.0,12.0,0.0,0.0,0.0,0.0,0.0,0.0,1.0,0.0,1.0,0.0,0.0
120,2/5/2020 11:18:59,4.0,0.0,3.0,5.0,1.0,2.0,20.0,24.0,0.0,6.0,0.0,0.0,0.0,61.0,22.0,3.0,23.0,1.0,8.0,0.0,0.0,0.0,0.0,0.0,0.0,0.0,0.0,1.0,0.0,0.0
121,2/5/2020 11:19:02,4.0,1.0,6.0,5.0,2.0,2.0,18.0,33.0,5.0,6.0,0.0,0.0,0.0,57.0,23.0,0.0,14.0,5.0,8.0,0.0,1.0,5.0,0.0,0.0,1.0,0.0,0.0,0.0,0.0,1.0
122,2/5/2020 11:19:10,4.0,0.0,4.0,5.0,1.0,2.0,9.0,14.0,2.0,6.0,1.0,4.0,0.0,72.0,8.0,5.0,6.0,5.0,12.0,0.0,1.0,10.0,0.0,7.0,0.0,0.0,0.0,0.0,1.0,0.0
123,2/5/2020 11:20:13,4.0,0.0,6.0,7.0,1.0,2.0,20.0,41.0,0.0,0.0,0.0,0.0,0.0,92.0,26.0,3.0,19.0,3.0,1.0,0.0,1.0,1.0,0.0,0.0,1.0,0.0,0.0,1.0,0.0,0.0
124,2/5/2020 11:24:48,4.0,1.0,3.0,1.0,1.0,1.0,37.0,44.0,3.0,3.0,1.0,2.0,2.0,123.0,1.0,3.0,8.0,1.0,2.0,0.0,1.0,2.0,0.0,0.0,1.0,0.0,0.0,1.0,0.0,0.0
125,2/5/2020 11:25:16,4.0,0.0,3.0,1.0,1.0,2.0,13.0,17.0,3.0,5.0,1.0,2.0,2.0,87.0,16.0,0.0,11.0,1.0,5.0,0.0,1.0,4.0,1.0,3.0,0.0,1.0,0.0,1.0,0.0,0.0
126,2/5/2020 11:26:25,4.0,1.0,1.0,1.0,1.0,1.0,30.0,47.0,2.0,5.0,1.0,9.0,0.0,34.0,6.0,3.0,3.0,3.0,8.0,0.0,1.0,5.0,0.0,0.0,0.0,0.0,0.0,0.0,0.0,1.0
127,2/5/2020 11:31:18,4.0,0.0,1.0,1.0,3.0,2.0,16.0,27.0,1.0,6.0,1.0,1.0,2.0,140.0,25.0,3.0,26.0,3.0,12.0,0.0,1.0,1.0,0.0,0.0,0.0,1.0,0.0,1.0,0.0,0.0
128,2/5/2020 11:31:38,4.0,0.0,2.0,1.0,1.0,1.0,10.0,33.0,2.0,4.0,1.0,2.0,0.0,155.0,11.0,3.0,10.0,3.0,5.0,0.0,1.0,2.0,0.0,0.0,0.0,0.0,1.0,0.0,0.0,0.0
129,2/5/2020 11:36:03,7.0,1.0,2.0,3.0,1.0,0.0,25.0,40.0,2.0,4.0,1.0,4.0,0.0,20.0,13.0,3.0,11.0,4.0,5.0,0.0,1.0,1.0,0.0,0.0,1.0,0.0,0.0,0.0,0.0,1.0
130,2/5/2020 11:37:19,4.0,0.0,6.0,9.0,1.0,2.0,5.0,15.0,2.0,10.0,1.0,14.0,2.0,155.0,25.0,3.0,15.0,0.0,1.0,0.0,1.0,4.0,0.0,0.0,0.0,0.0,1.0,0.0,0.0,0.0
131,2/5/2020 11:41:41,4.0,1.0,3.0,1.0,0.0,2.0,31.0,50.0,4.0,8.0,1.0,1.0,2.0,27.0,22.0,3.0,18.0,3.0,2.0,0.0,0.0,0.0,0.0,0.0,1.0,0.0,0.0,0.0,0.0,1.0
132,2/5/2020 11:42:35,8.0,0.0,1.0,1.0,1.0,2.0,16.0,24.0,1.0,7.0,1.0,3.0,2.0,36.0,10.0,4.0,8.0,3.0,5.0,0.0,1.0,1.0,0.0,0.0,1.0,0.0,0.0,0.0,0.0,1.0
133,2/5/2020 11:44:15,8.0,1.0,1.0,1.0,1.0,3.0,25.0,29.0,2.0,3.0,1.0,0.0,0.0,30.0,14.0,3.0,21.0,4.0,12.0,0.0,0.0,0.0,0.0,0.0,1.0,0.0,0.0,0.0,0.0,1.0
134,2/5/2020 11:53:10,3.0,0.0,3.0,1.0,1.0,2.0,21.0,30.0,2.0,7.0,1.0,0.0,2.0,6.0,14.0,3.0,12.0,3.0,12.0,0.0,1.0,0.0,0.0,0.0,0.0,1.0,0.0,0.0,0.0,1.0
135,2/5/2020 11:55:02,10.0,1.0,2.0,1.0,2.0,0.0,35.0,29.0,6.0,7.0,1.0,3.0,3.0,73.0,18.0,4.0,18.0,4.0,8.0,1.0,1.0,1.0,0.0,0.0,0.0,1.0,0.0,0.0,1.0,0.0
136,2/5/2020 11:55:24,10.0,0.0,2.0,1.0,1.0,2.0,15.0,19.0,0.0,0.0,0.0,0.0,0.0,42.0,9.0,1.0,6.0,3.0,12.0,0.0,0.0,0.0,0.0,0.0,0.0,1.0,0.0,0.0,1.0,0.0
137,2/5/2020 11:55:59,10.0,0.0,3.0,1.0,1.0,2.0,16.0,21.0,3.0,7.0,0.0,3.0,1.0,135.0,26.0,3.0,25.0,3.0,8.0,0.0,1.0,2.0,0.0,0.0,0.0,0.0,0.0,1.0,0.0,0.0
138,2/5/2020 11:56:21,4.0,0.0,1.0,1.0,1.0,2.0,12.0,30.0,2.0,5.0,1.0,5.0,0.0,3.0,9.0,0.0,2.0,1.0,0.0,0.0,1.0,6.0,0.0,0.0,1.0,0.0,0.0,0.0,0.0,1.0
139,2/5/2020 12:08:23,9.0,0.0,1.0,1.0,1.0,2.0,4.0,7.0,2.0,6.0,1.0,4.0,0.0,63.0,10.0,0.0,8.0,1.0,5.0,0.0,0.0,0.0,0.0,0.0,1.0,0.0,0.0,1.0,0.0,0.0
140,2/5/2020 12:11:00,4.0,0.0,5.0,9.0,0.0,1.0,10.0,37.0,5.0,8.0,0.0,0.0,2.0,96.0,30.0,3.0,22.0,1.0,10.0,1.0,1.0,2.0,0.0,0.0,0.0,1.0,0.0,1.0,0.0,0.0
141,2/5/2020 12:17:53,6.0,0.0,2.0,0.0,1.0,0.0,9.0,34.0,0.0,6.0,0.0,0.0,3.0,155.0,24.0,3.0,21.0,0.0,9.0,0.0,1.0,1.0,0.0,0.0,0.0,0.0,1.0,0.0,0.0,0.0
142,2/5/2020 12:20:55,6.0,0.0,1.0,1.0,1.0,0.0,25.0,30.0,1.0,5.0,0.0,0.0,0.0,131.0,17.0,5.0,16.0,4.0,13.0,0.0,1.0,2.0,0.0,0.0,1.0,0.0,0.0,1.0,0.0,0.0
143,2/5/2020 12:20:56,6.0,0.0,5.0,1.0,1.0,4.0,23.0,27.0,3.0,8.0,1.0,1.0,0.0,134.0,22.0,5.0,23.0,5.0,5.0,0.0,1.0,2.0,0.0,0.0,1.0,1.0,0.0,0.0,1.0,0.0
144,2/5/2020 12:26:36,4.0,0.0,1.0,1.0,0.0,0.0,8.0,15.0,3.0,3.0,0.0,0.0,2.0,152.0,22.0,4.0,14.0,1.0,2.0,0.0,1.0,3.0,0.0,0.0,1.0,0.0,0.0,0.0,0.0,1.0
145,2/5/2020 12:28:42,0.0,0.0,1.0,1.0,3.0,2.0,18.0,5.0,0.0,7.0,0.0,0.0,3.0,62.0,21.0,4.0,22.0,3.0,1.0,0.0,1.0,4.0,0.0,4.0,1.0,0.0,0.0,0.0,1.0,0.0
146,2/5/2020 12:28:51,0.0,1.0,2.0,1.0,1.0,0.0,25.0,30.0,2.0,6.0,1.0,12.0,2.0,104.0,14.0,0.0,14.0,0.0,15.0,0.0,1.0,1.0,1.0,1.0,1.0,0.0,0.0,1.0,0.0,0.0
147,2/5/2020 12:29:14,0.0,0.0,2.0,1.0,1.0,1.0,26.0,34.0,1.0,7.0,0.0,0.0,0.0,81.0,6.0,5.0,7.0,3.0,4.0,0.0,1.0,4.0,0.0,0.0,1.0,1.0,0.0,0.0,1.0,0.0
148,2/5/2020 12:29:20,0.0,1.0,2.0,1.0,1.0,1.0,25.0,48.0,3.0,5.0,1.0,6.0,3.0,82.0,21.0,3.0,20.0,3.0,2.0,0.0,1.0,4.0,1.0,2.0,1.0,0.0,0.0,1.0,0.0,0.0
149,2/5/2020 12:29:47,0.0,0.0,5.0,1.0,1.0,0.0,35.0,35.0,4.0,7.0,1.0,15.0,2.0,45.0,18.0,4.0,16.0,4.0,2.0,1.0,1.0,2.0,0.0,0.0,0.0,1.0,0.0,0.0,0.0,1.0
150,2/5/2020 12:30:51,0.0,0.0,7.0,5.0,0.0,1.0,15.0,17.0,4.0,6.0,0.0,0.0,2.0,38.0,14.0,3.0,12.0,3.0,1.0,0.0,1.0,4.0,0.0,0.0,1.0,0.0,0.0,0.0,0.0,1.0
151,2/5/2020 12:31:23,0.0,1.0,1.0,1.0,1.0,1.0,35.0,28.0,15.0,4.0,1.0,4.0,0.0,17.0,13.0,3.0,15.0,3.0,5.0,1.0,1.0,3.0,1.0,1.0,0.0,0.0,0.0,0.0,1.0,0.0
152,2/5/2020 12:33:39,0.0,0.0,3.0,5.0,0.0,0.0,15.0,24.0,4.0,4.0,1.0,8.0,2.0,46.0,13.0,0.0,12.0,3.0,8.0,0.0,1.0,3.0,1.0,1.0,0.0,1.0,0.0,0.0,0.0,1.0
153,2/5/2020 12:35:49,0.0,0.0,2.0,3.0,1.0,2.0,15.0,12.0,0.0,0.0,0.0,0.0,2.0,1.0,18.0,3.0,18.0,4.0,13.0,0.0,0.0,0.0,0.0,0.0,0.0,0.0,0.0,0.0,0.0,1.0
154,2/5/2020 12:36:16,0.0,0.0,1.0,1.0,1.0,2.0,28.0,35.0,1.0,4.0,1.0,3.0,3.0,27.0,12.0,3.0,12.0,3.0,6.0,0.0,1.0,3.0,0.0,0.0,0.0,1.0,0.0,0.0,0.0,1.0
155,2/5/2020 12:36:49,0.0,0.0,2.0,3.0,1.0,2.0,2.0,13.0,0.0,0.0,0.0,0.0,0.0,15.0,24.0,2.0,5.0,0.0,11.0,0.0,0.0,0.0,0.0,0.0,1.0,0.0,0.0,0.0,0.0,1.0
156,2/5/2020 12:39:02,0.0,0.0,2.0,1.0,1.0,2.0,20.0,25.0,1.0,6.0,0.0,0.0,3.0,45.0,20.0,3.0,13.0,3.0,4.0,0.0,1.0,2.0,0.0,0.0,0.0,1.0,0.0,0.0,0.0,1.0
157,2/5/2020 12:40:31,0.0,1.0,6.0,1.0,1.0,0.0,26.0,36.0,3.0,6.0,1.0,8.0,1.0,5.0,17.0,0.0,11.0,1.0,6.0,1.0,1.0,4.0,0.0,0.0,0.0,1.0,0.0,0.0,0.0,1.0
158,2/5/2020 12:41:58,0.0,1.0,2.0,3.0,1.0,1.0,23.0,27.0,1.0,7.0,1.0,2.0,0.0,66.0,35.0,3.0,18.0,4.0,4.0,0.0,0.0,0.0,0.0,0.0,1.0,1.0,0.0,1.0,0.0,0.0
159,2/5/2020 12:43:45,0.0,1.0,4.0,3.0,1.0,1.0,30.0,35.0,1.0,7.0,1.0,4.0,0.0,88.0,29.0,3.0,18.0,4.0,2.0,1.0,1.0,1.0,0.0,0.0,0.0,0.0,0.0,1.0,0.0,0.0
160,2/5/2020 12:44:55,6.0,1.0,2.0,0.0,1.0,1.0,30.0,25.0,7.0,3.0,1.0,5.0,2.0,1.0,6.0,3.0,5.0,0.0,7.0,1.0,1.0,2.0,1.0,2.0,0.0,0.0,0.0,0.0,0.0,1.0
161,2/5/2020 12:48:16,0.0,0.0,3.0,3.0,0.0,2.0,18.0,38.0,2.0,7.0,0.0,1.0,0.0,76.0,14.0,3.0,13.0,4.0,2.0,0.0,1.0,3.0,0.0,0.0,0.0,1.0,0.0,0.0,1.0,0.0
162,2/5/2020 12:48:32,0.0,1.0,3.0,3.0,1.0,0.0,27.0,26.0,2.0,7.0,0.0,0.0,2.0,12.0,22.0,3.0,20.0,3.0,4.0,0.0,1.0,0.0,0.0,2.0,0.0,1.0,0.0,0.0,1.0,0.0
163,2/5/2020 12:48:52,2.0,1.0,4.0,3.0,1.0,1.0,36.0,41.0,1.0,5.0,1.0,4.0,2.0,122.0,21.0,1.0,21.0,1.0,2.0,0.0,1.0,1.0,1.0,1.0,0.0,1.0,0.0,0.0,1.0,0.0
164,2/5/2020 12:52:18,0.0,0.0,2.0,3.0,1.0,1.0,25.0,24.0,3.0,4.0,1.0,4.0,0.0,33.0,16.0,3.0,13.0,3.0,1.0,1.0,1.0,2.0,0.0,0.0,1.0,1.0,0.0,0.0,1.0,0.0
165,2/5/2020 12:55:26,0.0,1.0,3.0,3.0,0.0,0.0,25.0,38.0,4.0,2.0,1.0,1.0,1.0,104.0,21.0,0.0,24.0,3.0,7.0,1.0,1.0,1.0,0.0,0.0,0.0,0.0,0.0,1.0,0.0,0.0
166,2/5/2020 12:59:03,0.0,0.0,2.0,3.0,1.0,3.0,20.0,35.0,0.0,6.0,0.0,0.0,0.0,88.0,17.0,3.0,18.0,3.0,12.0,0.0,0.0,0.0,0.0,0.0,1.0,0.0,0.0,1.0,0.0,0.0
167,2/5/2020 12:59:19,6.0,1.0,5.0,1.0,1.0,3.0,29.0,15.0,5.0,6.0,1.0,4.0,1.0,96.0,18.0,3.0,20.0,4.0,9.0,0.0,1.0,4.0,0.0,0.0,1.0,0.0,0.0,1.0,0.0,0.0
168,2/5/2020 13:05:33,11.0,0.0,1.0,1.0,1.0,2.0,15.0,5.0,2.0,4.0,1.0,3.0,2.0,20.0,16.0,0.0,11.0,3.0,1.0,0.0,1.0,2.0,1.0,1.0,1.0,0.0,0.0,0.0,0.0,1.0
169,2/5/2020 13:06:12,1.0,1.0,1.0,1.0,1.0,2.0,22.0,20.0,1.0,6.0,0.0,0.0,2.0,82.0,16.0,3.0,13.0,3.0,12.0,1.0,1.0,6.0,0.0,0.0,1.0,0.0,0.0,1.0,0.0,0.0
170,2/5/2020 13:09:10,0.0,1.0,5.0,1.0,3.0,0.0,33.0,47.0,21.0,3.0,1.0,8.0,3.0,91.0,24.0,3.0,23.0,0.0,5.0,1.0,1.0,6.0,1.0,0.0,0.0,0.0,0.0,0.0,1.0,0.0
171,2/5/2020 13:10:55,11.0,0.0,4.0,7.0,1.0,2.0,15.0,22.0,3.0,8.0,1.0,3.0,0.0,40.0,15.0,3.0,11.0,1.0,5.0,0.0,1.0,3.0,0.0,0.0,1.0,0.0,0.0,0.0,0.0,1.0
172,2/5/2020 13:14:11,11.0,1.0,6.0,1.0,1.0,1.0,29.0,47.0,6.0,7.0,1.0,7.0,0.0,88.0,30.0,2.0,23.0,4.0,16.0,1.0,1.0,9.0,1.0,6.0,1.0,0.0,0.0,1.0,0.0,0.0
173,2/5/2020 13:14:15,11.0,1.0,1.0,1.0,1.0,0.0,38.0,39.0,5.0,6.0,0.0,4.0,2.0,155.0,30.0,4.0,20.0,3.0,9.0,0.0,1.0,2.0,1.0,1.0,0.0,0.0,1.0,0.0,0.0,0.0
174,2/5/2020 13:15:29,11.0,0.0,1.0,1.0,1.0,1.0,13.0,14.0,2.0,6.0,1.0,1.0,0.0,71.0,14.0,1.0,9.0,0.0,5.0,0.0,1.0,5.0,0.0,0.0,0.0,1.0,0.0,1.0,0.0,0.0
175,2/5/2020 13:18:49,11.0,1.0,4.0,5.0,1.0,1.0,39.0,38.0,2.0,6.0,1.0,1.0,2.0,50.0,8.0,5.0,7.0,5.0,2.0,0.0,1.0,1.0,0.0,0.0,0.0,1.0,0.0,0.0,0.0,1.0
176,2/5/2020 13:18:52,11.0,0.0,3.0,5.0,1.0,2.0,18.0,9.0,2.0,7.0,0.0,0.0,0.0,154.0,11.0,1.0,6.0,1.0,13.0,0.0,1.0,6.0,0.0,0.0,0.0,0.0,1.0,0.0,0.0,0.0
177,2/5/2020 13:19:49,11.0,1.0,3.0,5.0,1.0,0.0,30.0,31.0,2.0,3.0,1.0,4.0,2.0,38.0,15.0,3.0,16.0,3.0,8.0,0.0,1.0,1.0,0.0,0.0,1.0,0.0,0.0,0.0,0.0,1.0
178,2/5/2020 13:20:55,11.0,1.0,3.0,5.0,1.0,0.0,25.0,52.0,2.0,5.0,0.0,1.0,2.0,93.0,16.0,3.0,15.0,3.0,14.0,0.0,1.0,1.0,0.0,1.0,1.0,0.0,0.0,1.0,0.0,0.0
179,2/5/2020 13:23:17,0.0,0.0,2.0,3.0,1.0,0.0,4.0,2.0,1.0,4.0,1.0,0.0,0.0,146.0,12.0,3.0,8.0,3.0,5.0,0.0,1.0,1.0,0.0,0.0,1.0,0.0,0.0,0.0,0.0,1.0
180,2/5/2020 13:23:49,11.0,0.0,4.0,3.0,0.0,0.0,17.0,9.0,2.0,8.0,0.0,0.0,2.0,82.0,16.0,3.0,18.0,3.0,2.0,0.0,1.0,2.0,0.0,0.0,0.0,0.0,0.0,1.0,0.0,0.0
181,2/5/2020 13:27:33,11.0,0.0,5.0,7.0,1.0,1.0,11.0,12.0,6.0,6.0,1.0,13.0,0.0,102.0,28.0,2.0,25.0,2.0,12.0,1.0,0.0,0.0,0.0,0.0,1.0,0.0,0.0,1.0,0.0,0.0
182,2/5/2020 13:28:20,11.0,0.0,5.0,5.0,1.0,2.0,5.0,20.0,7.0,6.0,1.0,17.0,2.0,75.0,15.0,5.0,7.0,5.0,16.0,0.0,1.0,9.0,1.0,2.0,0.0,1.0,0.0,0.0,1.0,0.0
183,2/5/2020 13:32:02,11.0,1.0,4.0,5.0,1.0,3.0,25.0,33.0,0.0,6.0,0.0,0.0,2.0,8.0,12.0,3.0,10.0,3.0,1.0,0.0,0.0,1.0,0.0,0.0,0.0,1.0,0.0,0.0,0.0,1.0
184,2/5/2020 13:32:31,11.0,1.0,4.0,5.0,1.0,3.0,25.0,33.0,0.0,6.0,0.0,0.0,2.0,8.0,12.0,3.0,10.0,3.0,1.0,0.0,0.0,1.0,0.0,0.0,0.0,1.0,0.0,0.0,0.0,1.0
185,2/5/2020 13:32:41,11.0,1.0,13.0,5.0,1.0,3.0,23.0,33.0,20.0,5.0,1.0,13.0,0.0,141.0,24.0,5.0,25.0,5.0,5.0,1.0,1.0,9.0,1.0,2.0,0.0,0.0,0.0,0.0,1.0,0.0
186,2/5/2020 13:34:27,11.0,0.0,5.0,5.0,0.0,2.0,5.0,7.0,6.0,7.0,1.0,1.0,2.0,94.0,11.0,0.0,6.0,3.0,9.0,1.0,1.0,1.0,0.0,0.0,1.0,0.0,0.0,0.0,1.0,0.0
187,2/5/2020 13:40:47,11.0,0.0,1.0,1.0,0.0,1.0,10.0,12.0,1.0,5.0,1.0,4.0,2.0,136.0,23.0,5.0,22.0,0.0,4.0,0.0,0.0,0.0,0.0,0.0,1.0,1.0,0.0,1.0,0.0,0.0
188,2/5/2020 13:42:06,11.0,0.0,1.0,1.0,1.0,3.0,15.0,22.0,2.0,6.0,0.0,1.0,0.0,155.0,4.0,5.0,3.0,5.0,8.0,0.0,1.0,1.0,1.0,1.0,0.0,0.0,1.0,0.0,0.0,0.0
189,2/5/2020 13:46:02,11.0,0.0,3.0,3.0,1.0,1.0,23.0,27.0,1.0,7.0,0.0,0.0,0.0,20.0,15.0,4.0,15.0,3.0,1.0,0.0,1.0,1.0,0.0,0.0,1.0,0.0,0.0,0.0,0.0,1.0
190,2/5/2020 13:46:56,11.0,0.0,2.0,3.0,1.0,3.0,26.0,42.0,0.0,6.0,0.0,0.0,2.0,71.0,13.0,1.0,13.0,5.0,5.0,0.0,0.0,0.0,0.0,0.0,1.0,0.0,0.0,1.0,0.0,0.0
191,2/5/2020 13:48:16,11.0,0.0,2.0,3.0,1.0,1.0,12.0,14.0,2.0,5.0,1.0,3.0,0.0,70.0,23.0,0.0,18.0,1.0,11.0,0.0,1.0,4.0,0.0,0.0,0.0,1.0,0.0,1.0,0.0,0.0
192,2/5/2020 13:50:43,0.0,0.0,4.0,3.0,1.0,2.0,15.0,22.0,1.0,8.0,0.0,0.0,2.0,105.0,25.0,3.0,22.0,1.0,14.0,0.0,1.0,7.0,0.0,0.0,0.0,0.0,0.0,1.0,0.0,0.0
193,2/5/2020 13:53:35,0.0,0.0,2.0,3.0,1.0,2.0,9.0,33.0,0.0,0.0,0.0,0.0,2.0,27.0,11.0,1.0,14.0,1.0,13.0,0.0,1.0,2.0,0.0,0.0,1.0,0.0,0.0,0.0,0.0,1.0
194,2/5/2020 13:54:34,11.0,0.0,4.0,7.0,1.0,0.0,23.0,17.0,3.0,4.0,1.0,5.0,2.0,78.0,18.0,0.0,21.0,0.0,5.0,0.0,1.0,2.0,0.0,0.0,1.0,1.0,0.0,1.0,0.0,0.0
195,2/5/2020 13:55:17,11.0,0.0,2.0,3.0,1.0,2.0,13.0,9.0,3.0,7.0,0.0,0.0,3.0,21.0,17.0,3.0,12.0,3.0,8.0,0.0,1.0,1.0,0.0,0.0,0.0,0.0,0.0,0.0,0.0,1.0
196,2/5/2020 13:56:03,11.0,0.0,4.0,3.0,1.0,2.0,17.0,35.0,2.0,8.0,1.0,2.0,2.0,32.0,18.0,3.0,10.0,5.0,8.0,0.0,1.0,2.0,0.0,0.0,0.0,1.0,0.0,0.0,0.0,1.0
197,2/5/2020 13:57:43,11.0,0.0,5.0,3.0,1.0,2.0,14.0,14.0,2.0,7.0,1.0,5.0,1.0,101.0,11.0,5.0,12.0,5.0,2.0,0.0,0.0,0.0,0.0,0.0,1.0,0.0,0.0,1.0,0.0,0.0
198,2/5/2020 13:57:53,11.0,0.0,2.0,3.0,1.0,1.0,15.0,24.0,4.0,5.0,1.0,3.0,0.0,63.0,25.0,3.0,13.0,1.0,12.0,0.0,1.0,1.0,0.0,0.0,1.0,0.0,0.0,1.0,0.0,0.0
199,2/5/2020 13:59:39,11.0,0.0,3.0,3.0,1.0,1.0,20.0,35.0,7.0,4.0,1.0,4.0,0.0,47.0,8.0,5.0,4.0,5.0,2.0,0.0,1.0,4.0,0.0,0.0,1.0,0.0,0.0,0.0,0.0,1.0
200,2/5/2020 13:59:47,11.0,0.0,4.0,1.0,1.0,1.0,16.0,1.0,2.0,5.0,1.0,5.0,3.0,45.0,14.0,3.0,9.0,3.0,12.0,0.0,0.0,0.0,0.0,0.0,0.0,0.0,0.0,0.0,0.0,1.0
201,2/5/2020 14:03:39,11.0,0.0,1.0,1.0,1.0,1.0,11.0,16.0,2.0,7.0,0.0,1.0,2.0,116.0,11.0,3.0,10.0,3.0,8.0,0.0,1.0,4.0,0.0,0.0,1.0,0.0,0.0,0.0,0.0,1.0
202,2/5/2020 14:04:07,11.0,1.0,2.0,1.0,1.0,0.0,30.0,15.0,1.0,6.0,0.0,0.0,2.0,67.0,26.0,3.0,21.0,3.0,2.0,0.0,1.0,1.0,0.0,0.0,1.0,0.0,0.0,1.0,0.0,0.0
203,2/5/2020 14:04:15,11.0,0.0,4.0,7.0,1.0,2.0,9.0,12.0,2.0,7.0,0.0,11.0,0.0,49.0,12.0,5.0,15.0,1.0,5.0,0.0,1.0,2.0,0.0,0.0,0.0,0.0,0.0,0.0,0.0,1.0
204,2/5/2020 14:05:59,11.0,0.0,3.0,5.0,1.0,2.0,6.0,2.0,8.0,6.0,1.0,1.0,0.0,129.0,27.0,3.0,25.0,4.0,0.0,0.0,1.0,1.0,0.0,0.0,1.0,0.0,0.0,1.0,0.0,0.0
205,2/5/2020 14:06:41,11.0,1.0,5.0,7.0,1.0,2.0,21.0,49.0,0.0,0.0,0.0,0.0,2.0,1.0,27.0,3.0,20.0,3.0,8.0,0.0,0.0,0.0,0.0,0.0,0.0,0.0,0.0,0.0,0.0,1.0
206,2/5/2020 14:06:46,11.0,0.0,3.0,5.0,1.0,3.0,3.0,12.0,1.0,6.0,1.0,3.0,0.0,86.0,21.0,5.0,17.0,1.0,8.0,0.0,1.0,1.0,0.0,0.0,1.0,1.0,0.0,1.0,0.0,0.0
207,2/5/2020 14:07:47,11.0,1.0,3.0,5.0,1.0,1.0,27.0,40.0,12.0,1.0,1.0,10.0,0.0,35.0,7.0,3.0,7.0,3.0,15.0,1.0,1.0,1.0,0.0,0.0,1.0,1.0,0.0,0.0,1.0,0.0
208,2/5/2020 14:07:51,11.0,0.0,3.0,5.0,1.0,0.0,15.0,30.0,2.0,6.0,0.0,2.0,2.0,44.0,17.0,0.0,11.0,0.0,12.0,0.0,1.0,1.0,0.0,0.0,0.0,0.0,0.0,0.0,1.0,0.0
209,2/5/2020 14:12:33,11.0,1.0,1.0,1.0,2.0,1.0,22.0,12.0,4.0,4.0,1.0,2.0,0.0,54.0,8.0,3.0,9.0,4.0,5.0,0.0,0.0,1.0,0.0,1.0,1.0,0.0,0.0,0.0,1.0,0.0
210,2/5/2020 14:12:46,11.0,0.0,3.0,1.0,1.0,2.0,11.0,34.0,0.0,0.0,0.0,0.0,1.0,26.0,15.0,3.0,14.0,3.0,2.0,0.0,0.0,0.0,0.0,0.0,1.0,0.0,0.0,0.0,0.0,1.0
211,2/5/2020 14:14:28,11.0,1.0,1.0,1.0,0.0,2.0,25.0,39.0,5.0,2.0,1.0,2.0,2.0,98.0,13.0,5.0,11.0,5.0,8.0,1.0,1.0,12.0,0.0,1.0,1.0,0.0,0.0,0.0,1.0,0.0
212,2/5/2020 14:17:13,11.0,1.0,2.0,3.0,1.0,2.0,31.0,42.0,5.0,5.0,1.0,9.0,2.0,110.0,14.0,0.0,15.0,0.0,3.0,1.0,1.0,2.0,0.0,0.0,1.0,0.0,0.0,1.0,0.0,0.0
213,2/5/2020 14:17:37,11.0,1.0,3.0,3.0,0.0,3.0,25.0,24.0,1.0,6.0,0.0,0.0,2.0,82.0,15.0,5.0,12.0,1.0,15.0,0.0,1.0,1.0,0.0,0.0,0.0,0.0,0.0,1.0,0.0,0.0
214,2/5/2020 14:18:40,11.0,0.0,2.0,3.0,1.0,2.0,8.0,9.0,2.0,6.0,0.0,6.0,0.0,45.0,17.0,1.0,15.0,5.0,5.0,0.0,1.0,2.0,0.0,0.0,0.0,0.0,0.0,0.0,0.0,1.0
215,2/5/2020 14:19:44,11.0,0.0,2.0,3.0,1.0,2.0,10.0,3.0,1.0,6.0,1.0,7.0,2.0,55.0,6.0,0.0,4.0,3.0,16.0,0.0,1.0,4.0,0.0,0.0,1.0,1.0,0.0,0.0,0.0,1.0
216,2/5/2020 14:22:40,11.0,0.0,1.0,1.0,1.0,2.0,17.0,33.0,1.0,6.0,0.0,0.0,2.0,155.0,8.0,5.0,3.0,0.0,8.0,0.0,1.0,1.0,0.0,0.0,0.0,0.0,1.0,0.0,0.0,0.0
217,2/5/2020 14:23:04,11.0,0.0,2.0,1.0,1.0,0.0,15.0,3.0,1.0,7.0,1.0,4.0,3.0,22.0,26.0,3.0,11.0,4.0,12.0,0.0,0.0,0.0,0.0,0.0,1.0,1.0,0.0,0.0,0.0,1.0
218,2/5/2020 14:23:36,11.0,0.0,2.0,1.0,0.0,2.0,2.0,19.0,5.0,4.0,1.0,8.0,0.0,7.0,31.0,3.0,17.0,0.0,6.0,0.0,1.0,4.0,0.0,0.0,0.0,1.0,0.0,0.0,1.0,0.0
219,2/5/2020 14:33:26,11.0,0.0,2.0,3.0,1.0,2.0,10.0,12.0,1.0,6.0,0.0,0.0,2.0,0.0,23.0,0.0,16.0,3.0,15.0,0.0,0.0,0.0,0.0,0.0,0.0,1.0,0.0,0.0,1.0,0.0
220,2/5/2020 14:36:47,0.0,1.0,4.0,1.0,1.0,0.0,30.0,39.0,1.0,7.0,0.0,1.0,2.0,1.0,17.0,0.0,15.0,4.0,5.0,0.0,1.0,1.0,0.0,0.0,0.0,0.0,0.0,0.0,0.0,1.0
221,2/5/2020 15:38:20,11.0,0.0,3.0,3.0,0.0,2.0,9.0,24.0,4.0,5.0,1.0,1.0,2.0,149.0,16.0,3.0,14.0,3.0,2.0,0.0,1.0,1.0,0.0,0.0,1.0,0.0,0.0,0.0,0.0,1.0
222,2/5/2020 15:44:12,7.0,1.0,2.0,1.0,1.0,1.0,25.0,24.0,1.0,6.0,1.0,4.0,2.0,28.0,14.0,3.0,16.0,0.0,7.0,0.0,0.0,0.0,0.0,0.0,1.0,0.0,0.0,0.0,1.0,0.0
223,2/5/2020 15:56:12,8.0,1.0,10.0,8.0,1.0,2.0,24.0,26.0,19.0,4.0,1.0,4.0,3.0,155.0,24.0,3.0,23.0,0.0,9.0,1.0,1.0,1.0,0.0,0.0,0.0,0.0,1.0,0.0,0.0,0.0
224,2/5/2020 15:59:41,10.0,0.0,2.0,1.0,1.0,2.0,15.0,19.0,0.0,0.0,0.0,0.0,0.0,42.0,9.0,1.0,6.0,3.0,12.0,0.0,0.0,0.0,0.0,0.0,0.0,1.0,0.0,0.0,1.0,0.0
225,2/5/2020 16:08:16,2.0,1.0,4.0,3.0,1.0,1.0,36.0,41.0,1.0,5.0,1.0,4.0,2.0,122.0,21.0,1.0,21.0,1.0,2.0,0.0,1.0,1.0,1.0,1.0,0.0,1.0,0.0,0.0,1.0,0.0
226,2/5/2020 16:15:38,11.0,0.0,4.0,5.0,1.0,2.0,11.0,10.0,1.0,7.0,1.0,4.0,0.0,113.0,11.0,1.0,10.0,0.0,16.0,0.0,1.0,1.0,0.0,0.0,0.0,0.0,0.0,0.0,0.0,1.0
227,2/5/2020 16:50:31,11.0,1.0,2.0,3.0,1.0,1.0,32.0,44.0,1.0,8.0,0.0,0.0,0.0,115.0,14.0,2.0,15.0,4.0,4.0,0.0,0.0,0.0,0.0,0.0,1.0,0.0,0.0,0.0,0.0,1.0
228,2/5/2020 20:51:57,4.0,0.0,2.0,1.0,1.0,1.0,10.0,33.0,2.0,4.0,1.0,2.0,0.0,155.0,11.0,3.0,10.0,3.0,5.0,0.0,1.0,2.0,0.0,0.0,0.0,0.0,1.0,0.0,0.0,0.0
229,2/5/2020 21:54:45,1.0,1.0,3.0,5.0,1.0,0.0,22.0,33.0,3.0,5.0,0.0,1.0,0.0,27.0,12.0,0.0,7.0,5.0,5.0,0.0,1.0,4.0,0.0,0.0,1.0,0.0,0.0,0.0,0.0,1.0
230,2/5/2020 23:13:12,4.0,0.0,3.0,1.0,1.0,3.0,20.0,22.0,1.0,8.0,0.0,0.0,2.0,38.0,11.0,3.0,6.0,0.0,2.0,0.0,1.0,2.0,0.0,0.0,0.0,1.0,0.0,0.0,0.0,1.0
231,2/6/2020 14:25:38,2.0,1.0,5.0,4.0,1.0,0.0,23.0,35.0,2.0,10.0,1.0,1.0,3.0,57.0,15.0,4.0,15.0,5.0,8.0,0.0,1.0,7.0,0.0,0.0,0.0,1.0,0.0,0.0,0.0,1.0
232,2/7/2020 8:37:56,1.0,1.0,2.0,3.0,1.0,0.0,25.0,24.0,3.0,6.0,1.0,10.0,2.0,27.0,17.0,3.0,16.0,4.0,10.0,0.0,1.0,3.0,0.0,0.0,0.0,1.0,0.0,0.0,0.0,1.0
233,2/7/2020 8:38:06,1.0,1.0,2.0,3.0,1.0,0.0,25.0,24.0,3.0,6.0,1.0,10.0,2.0,27.0,17.0,3.0,16.0,4.0,10.0,0.0,1.0,3.0,0.0,0.0,0.0,1.0,0.0,0.0,0.0,1.0
234,2/7/2020 8:40:13,1.0,0.0,3.0,3.0,0.0,0.0,6.0,3.0,6.0,5.0,1.0,1.0,0.0,37.0,11.0,1.0,14.0,1.0,12.0,0.0,1.0,1.0,0.0,0.0,0.0,1.0,0.0,0.0,0.0,1.0
235,2/7/2020 8:42:00,1.0,1.0,2.0,1.0,1.0,1.0,30.0,35.0,4.0,5.0,1.0,4.0,0.0,45.0,14.0,5.0,16.0,0.0,5.0,1.0,1.0,1.0,0.0,0.0,1.0,0.0,0.0,0.0,0.0,1.0
236,2/7/2020 8:43:02,1.0,0.0,2.0,3.0,1.0,2.0,10.0,12.0,1.0,7.0,1.0,1.0,2.0,67.0,17.0,3.0,15.0,3.0,13.0,0.0,1.0,1.0,0.0,0.0,1.0,0.0,0.0,1.0,0.0,0.0
237,2/7/2020 8:43:34,1.0,0.0,1.0,1.0,1.0,0.0,20.0,9.0,3.0,6.0,1.0,4.0,2.0,1.0,21.0,1.0,17.0,3.0,10.0,0.0,0.0,0.0,0.0,0.0,0.0,0.0,0.0,0.0,0.0,1.0
238,2/7/2020 8:44:03,1.0,1.0,1.0,1.0,1.0,1.0,32.0,34.0,3.0,4.0,1.0,1.0,2.0,27.0,17.0,1.0,16.0,4.0,5.0,1.0,1.0,3.0,0.0,0.0,1.0,0.0,0.0,0.0,0.0,1.0
239,2/7/2020 8:44:33,1.0,1.0,1.0,1.0,2.0,2.0,26.0,39.0,5.0,6.0,1.0,1.0,2.0,24.0,7.0,3.0,4.0,3.0,4.0,0.0,1.0,2.0,0.0,0.0,0.0,1.0,0.0,0.0,0.0,1.0
240,2/7/2020 8:44:49,1.0,0.0,3.0,1.0,1.0,1.0,27.0,23.0,2.0,5.0,1.0,3.0,3.0,1.0,22.0,3.0,20.0,3.0,1.0,0.0,1.0,3.0,0.0,0.0,0.0,0.0,0.0,0.0,0.0,1.0
241,2/7/2020 8:45:18,1.0,1.0,1.0,1.0,1.0,2.0,25.0,33.0,1.0,4.0,1.0,1.0,2.0,58.0,11.0,0.0,10.0,0.0,1.0,0.0,1.0,0.0,0.0,1.0,1.0,0.0,0.0,0.0,1.0,0.0
242,2/7/2020 8:45:56,1.0,0.0,3.0,3.0,0.0,1.0,25.0,24.0,2.0,5.0,1.0,4.0,0.0,30.0,10.0,1.0,9.0,1.0,6.0,0.0,1.0,1.0,0.0,0.0,0.0,1.0,0.0,0.0,0.0,1.0
243,2/7/2020 8:46:00,1.0,0.0,2.0,3.0,1.0,1.0,17.0,10.0,1.0,6.0,1.0,1.0,2.0,14.0,9.0,0.0,8.0,3.0,6.0,0.0,1.0,1.0,0.0,0.0,1.0,0.0,0.0,0.0,0.0,1.0
244,2/7/2020 8:49:01,1.0,1.0,5.0,9.0,1.0,0.0,36.0,54.0,2.0,9.0,0.0,0.0,2.0,133.0,33.0,3.0,29.0,0.0,12.0,1.0,1.0,1.0,0.0,0.0,1.0,0.0,0.0,1.0,0.0,0.0
245,2/7/2020 8:49:05,1.0,0.0,2.0,1.0,0.0,0.0,7.0,13.0,1.0,5.0,1.0,0.0,2.0,67.0,25.0,2.0,21.0,2.0,2.0,0.0,1.0,5.0,0.0,0.0,0.0,0.0,0.0,1.0,0.0,0.0
246,2/7/2020 8:50:13,1.0,0.0,1.0,1.0,1.0,1.0,18.0,32.0,1.0,6.0,1.0,1.0,0.0,27.0,13.0,3.0,13.0,3.0,6.0,0.0,1.0,3.0,0.0,0.0,0.0,1.0,0.0,0.0,0.0,1.0
247,2/7/2020 8:50:45,1.0,0.0,1.0,1.0,1.0,1.0,18.0,32.0,1.0,6.0,1.0,1.0,0.0,27.0,13.0,3.0,13.0,3.0,6.0,0.0,1.0,3.0,0.0,0.0,0.0,1.0,0.0,0.0,0.0,1.0
248,2/7/2020 8:51:14,1.0,0.0,1.0,1.0,1.0,1.0,5.0,17.0,0.0,6.0,0.0,0.0,2.0,63.0,13.0,5.0,8.0,0.0,13.0,0.0,1.0,1.0,0.0,0.0,1.0,0.0,0.0,1.0,0.0,0.0
249,2/7/2020 8:52:25,1.0,1.0,2.0,3.0,1.0,1.0,37.0,42.0,1.0,7.0,1.0,5.0,3.0,24.0,26.0,2.0,11.0,2.0,12.0,0.0,1.0,2.0,0.0,0.0,0.0,1.0,0.0,0.0,0.0,1.0
250,2/7/2020 8:53:09,1.0,0.0,1.0,1.0,0.0,0.0,20.0,24.0,0.0,6.0,0.0,0.0,2.0,110.0,17.0,3.0,17.0,2.0,12.0,0.0,1.0,2.0,0.0,0.0,1.0,0.0,0.0,1.0,0.0,0.0
251,2/7/2020 8:53:17,1.0,0.0,1.0,1.0,0.0,0.0,20.0,24.0,0.0,6.0,0.0,0.0,2.0,110.0,17.0,3.0,17.0,2.0,12.0,0.0,1.0,2.0,0.0,0.0,1.0,0.0,0.0,1.0,0.0,0.0
252,2/7/2020 8:53:30,1.0,1.0,3.0,1.0,1.0,0.0,37.0,41.0,3.0,7.0,0.0,2.0,3.0,52.0,24.0,0.0,24.0,3.0,16.0,0.0,1.0,6.0,1.0,1.0,0.0,0.0,0.0,0.0,0.0,1.0
253,2/7/2020 8:54:49,1.0,1.0,2.0,1.0,0.0,0.0,30.0,27.0,9.0,5.0,0.0,2.0,0.0,27.0,16.0,3.0,8.0,5.0,2.0,1.0,1.0,3.0,0.0,0.0,0.0,1.0,0.0,0.0,0.0,1.0
254,2/7/2020 8:55:36,1.0,0.0,2.0,3.0,1.0,3.0,13.0,30.0,8.0,7.0,1.0,1.0,3.0,20.0,11.0,4.0,12.0,3.0,2.0,1.0,1.0,4.0,0.0,0.0,0.0,0.0,0.0,0.0,0.0,1.0
255,2/7/2020 8:56:17,1.0,1.0,6.0,5.0,2.0,1.0,22.0,35.0,22.0,3.0,1.0,6.0,0.0,110.0,18.0,5.0,14.0,0.0,5.0,1.0,1.0,2.0,1.0,1.0,0.0,1.0,0.0,1.0,0.0,0.0
256,2/7/2020 8:59:05,1.0,1.0,5.0,7.0,1.0,3.0,21.0,12.0,2.0,3.0,1.0,2.0,2.0,71.0,25.0,3.0,24.0,3.0,12.0,0.0,0.0,0.0,0.0,0.0,0.0,1.0,0.0,1.0,0.0,0.0
257,2/7/2020 9:01:00,1.0,1.0,2.0,3.0,1.0,2.0,28.0,27.0,10.0,4.0,1.0,1.0,1.0,30.0,21.0,5.0,24.0,4.0,2.0,0.0,1.0,2.0,0.0,0.0,0.0,0.0,0.0,0.0,0.0,1.0
258,2/7/2020 9:02:35,1.0,0.0,5.0,7.0,1.0,3.0,23.0,35.0,1.0,8.0,1.0,1.0,2.0,18.0,11.0,3.0,9.0,3.0,5.0,0.0,0.0,2.0,0.0,0.0,1.0,0.0,0.0,0.0,0.0,1.0
259,2/7/2020 9:26:00,1.0,1.0,3.0,1.0,1.0,0.0,30.0,19.0,5.0,5.0,0.0,0.0,2.0,155.0,11.0,3.0,7.0,3.0,5.0,0.0,1.0,2.0,0.0,0.0,0.0,0.0,1.0,0.0,0.0,0.0
260,2/7/2020 9:30:10,1.0,0.0,2.0,3.0,1.0,1.0,20.0,12.0,5.0,4.0,1.0,1.0,2.0,63.0,13.0,1.0,10.0,1.0,8.0,0.0,1.0,2.0,0.0,0.0,1.0,0.0,0.0,1.0,0.0,0.0
261,2/7/2020 9:30:14,1.0,1.0,3.0,3.0,1.0,0.0,29.0,45.0,1.0,8.0,1.0,1.0,0.0,56.0,13.0,0.0,17.0,0.0,5.0,0.0,1.0,2.0,0.0,0.0,0.0,0.0,0.0,0.0,1.0,0.0
262,2/7/2020 9:33:54,1.0,0.0,6.0,5.0,1.0,2.0,13.0,29.0,7.0,7.0,1.0,2.0,3.0,57.0,17.0,1.0,16.0,1.0,16.0,1.0,1.0,1.0,0.0,0.0,1.0,0.0,0.0,0.0,0.0,1.0
263,2/7/2020 9:34:34,1.0,0.0,2.0,1.0,1.0,1.0,12.0,17.0,1.0,6.0,1.0,3.0,3.0,2.0,20.0,3.0,20.0,4.0,9.0,0.0,1.0,5.0,0.0,0.0,0.0,1.0,0.0,0.0,0.0,1.0
264,2/7/2020 9:49:49,1.0,0.0,3.0,1.0,1.0,1.0,11.0,15.0,3.0,7.0,0.0,6.0,3.0,4.0,20.0,2.0,20.0,4.0,2.0,1.0,1.0,4.0,0.0,0.0,1.0,0.0,0.0,0.0,1.0,0.0
265,2/7/2020 15:22:36,0.0,0.0,3.0,3.0,1.0,2.0,17.0,35.0,1.0,6.0,0.0,0.0,2.0,25.0,12.0,0.0,12.0,0.0,5.0,0.0,1.0,4.0,0.0,0.0,0.0,0.0,0.0,0.0,0.0,1.0
266,2/7/2020 15:23:30,7.0,1.0,5.0,2.0,1.0,1.0,35.0,30.0,4.0,4.0,1.0,2.0,2.0,1.0,9.0,5.0,16.0,3.0,2.0,0.0,1.0,4.0,1.0,2.0,0.0,0.0,0.0,0.0,0.0,1.0
267,2/7/2020 15:24:34,7.0,1.0,1.0,1.0,1.0,2.0,40.0,32.0,1.0,6.0,1.0,1.0,2.0,68.0,21.0,3.0,22.0,3.0,0.0,0.0,1.0,2.0,0.0,0.0,1.0,0.0,0.0,0.0,1.0,0.0
268,2/7/2020 15:25:03,1.0,0.0,1.0,1.0,1.0,0.0,23.0,43.0,1.0,7.0,0.0,0.0,2.0,67.0,11.0,3.0,15.0,1.0,0.0,0.0,0.0,0.0,1.0,8.0,0.0,1.0,0.0,1.0,0.0,0.0
269,2/7/2020 15:28:06,5.0,0.0,3.0,3.0,1.0,3.0,15.0,26.0,2.0,5.0,0.0,0.0,2.0,57.0,16.0,3.0,15.0,3.0,8.0,0.0,1.0,10.0,0.0,0.0,1.0,0.0,0.0,1.0,0.0,0.0
270,2/7/2020 15:32:09,8.0,0.0,1.0,1.0,1.0,2.0,10.0,13.0,1.0,6.0,0.0,1.0,2.0,39.0,6.0,5.0,3.0,1.0,14.0,0.0,1.0,2.0,1.0,1.0,1.0,1.0,0.0,0.0,0.0,1.0
271,2/7/2020 15:32:11,5.0,0.0,1.0,1.0,1.0,0.0,15.0,19.0,8.0,5.0,1.0,2.0,2.0,27.0,22.0,3.0,10.0,3.0,7.0,0.0,1.0,5.0,1.0,1.0,0.0,1.0,0.0,0.0,0.0,1.0
272,2/7/2020 15:32:13,2.0,0.0,1.0,1.0,1.0,0.0,9.0,12.0,1.0,7.0,0.0,0.0,2.0,71.0,15.0,4.0,15.0,4.0,8.0,0.0,1.0,2.0,1.0,1.0,0.0,1.0,0.0,1.0,0.0,0.0
273,2/7/2020 15:32:35,3.0,0.0,1.0,1.0,1.0,0.0,8.0,24.0,1.0,4.0,1.0,4.0,2.0,155.0,11.0,0.0,20.0,5.0,5.0,0.0,1.0,2.0,1.0,1.0,0.0,0.0,1.0,0.0,0.0,0.0
274,2/7/2020 15:32:45,3.0,0.0,1.0,1.0,1.0,0.0,8.0,24.0,1.0,4.0,1.0,4.0,2.0,155.0,11.0,0.0,20.0,5.0,5.0,0.0,1.0,2.0,1.0,1.0,0.0,0.0,1.0,0.0,0.0,0.0
275,2/7/2020 15:42:35,5.0,1.0,2.0,1.0,1.0,2.0,24.0,23.0,10.0,4.0,1.0,4.0,2.0,148.0,8.0,3.0,6.0,3.0,3.0,0.0,1.0,4.0,1.0,1.0,0.0,1.0,0.0,0.0,0.0,1.0
276,2/7/2020 15:43:17,5.0,1.0,3.0,3.0,1.0,1.0,32.0,29.0,4.0,5.0,1.0,3.0,3.0,139.0,25.0,0.0,25.0,3.0,2.0,1.0,1.0,4.0,1.0,9.0,0.0,0.0,0.0,1.0,0.0,0.0
277,2/7/2020 15:47:38,5.0,1.0,3.0,3.0,1.0,2.0,27.0,47.0,1.0,8.0,1.0,2.0,2.0,117.0,28.0,3.0,23.0,3.0,2.0,0.0,1.0,5.0,0.0,0.0,1.0,0.0,0.0,1.0,0.0,0.0
278,2/7/2020 15:48:14,1.0,0.0,2.0,3.0,1.0,2.0,17.0,35.0,0.0,6.0,0.0,0.0,2.0,52.0,16.0,1.0,13.0,3.0,1.0,0.0,1.0,2.0,0.0,0.0,1.0,0.0,0.0,0.0,0.0,1.0
279,2/7/2020 15:48:18,1.0,0.0,2.0,3.0,1.0,0.0,15.0,22.0,2.0,6.0,0.0,1.0,2.0,88.0,12.0,3.0,12.0,3.0,8.0,0.0,1.0,2.0,0.0,0.0,0.0,0.0,0.0,1.0,0.0,0.0
280,2/7/2020 16:01:26,11.0,0.0,5.0,5.0,1.0,2.0,5.0,20.0,7.0,6.0,1.0,17.0,2.0,75.0,15.0,5.0,7.0,5.0,16.0,0.0,1.0,9.0,1.0,2.0,0.0,1.0,0.0,0.0,1.0,0.0
281,2/7/2020 19:19:24,0.0,0.0,2.0,3.0,1.0,1.0,25.0,24.0,3.0,4.0,1.0,4.0,0.0,33.0,16.0,3.0,13.0,3.0,1.0,1.0,1.0,2.0,0.0,0.0,1.0,1.0,0.0,0.0,1.0,0.0
282,2/8/2020 6:36:14,1.0,0.0,2.0,3.0,1.0,0.0,15.0,22.0,2.0,6.0,0.0,1.0,2.0,88.0,12.0,3.0,12.0,3.0,8.0,0.0,1.0,2.0,0.0,0.0,0.0,0.0,0.0,1.0,0.0,0.0
283,2/8/2020 7:42:43,8.0,0.0,1.0,1.0,1.0,2.0,10.0,13.0,1.0,6.0,0.0,1.0,2.0,39.0,6.0,5.0,3.0,1.0,14.0,0.0,1.0,2.0,1.0,1.0,1.0,1.0,0.0,0.0,0.0,1.0
284,2/8/2020 17:49:18,1.0,1.0,1.0,1.0,1.0,2.0,22.0,20.0,1.0,6.0,0.0,0.0,2.0,82.0,16.0,3.0,13.0,3.0,12.0,1.0,1.0,6.0,0.0,0.0,1.0,0.0,0.0,1.0,0.0,0.0
285,2/9/2020 20:40:43,12.0,0.0,4.0,7.0,1.0,1.0,19.0,21.0,0.0,0.0,0.0,0.0,2.0,114.0,26.0,5.0,19.0,5.0,14.0,0.0,0.0,0.0,0.0,0.0,1.0,0.0,0.0,0.0,0.0,1.0
286,2/11/2020 10:01:44,11.0,0.0,3.0,5.0,1.0,3.0,3.0,12.0,1.0,6.0,1.0,3.0,0.0,86.0,21.0,5.0,17.0,1.0,8.0,0.0,1.0,1.0,0.0,0.0,1.0,1.0,0.0,1.0,0.0,0.0
287,2/18/2020 20:12:38,0.0,1.0,3.0,3.0,0.0,0.0,25.0,38.0,4.0,2.0,1.0,1.0,1.0,104.0,21.0,0.0,24.0,3.0,7.0,1.0,1.0,1.0,0.0,0.0,0.0,0.0,0.0,1.0,0.0,0.0
288,2/25/2020 15:12:37,8.0,0.0,2.0,3.0,1.0,2.0,12.0,11.0,2.0,6.0,0.0,0.0,2.0,121.0,22.0,3.0,20.0,3.0,8.0,0.0,1.0,2.0,0.0,0.0,1.0,1.0,0.0,0.0,1.0,0.0
289,2/25/2020 15:15:54,7.0,1.0,2.0,1.0,1.0,2.0,22.0,21.0,1.0,5.0,1.0,1.0,2.0,27.0,11.0,5.0,10.0,1.0,4.0,0.0,1.0,2.0,0.0,0.0,1.0,0.0,0.0,0.0,0.0,1.0
290,2/25/2020 15:16:11,0.0,1.0,4.0,5.0,1.0,0.0,30.0,41.0,10.0,4.0,1.0,4.0,0.0,89.0,11.0,3.0,13.0,3.0,13.0,0.0,1.0,1.0,0.0,0.0,0.0,1.0,0.0,1.0,0.0,0.0
291,2/25/2020 15:16:27,0.0,1.0,4.0,5.0,1.0,2.0,33.0,39.0,1.0,4.0,0.0,0.0,2.0,63.0,2.0,5.0,16.0,1.0,8.0,0.0,1.0,0.0,0.0,0.0,1.0,0.0,0.0,1.0,0.0,0.0
292,2/25/2020 15:21:23,0.0,1.0,3.0,3.0,1.0,2.0,25.0,19.0,7.0,2.0,0.0,2.0,2.0,35.0,11.0,3.0,13.0,0.0,7.0,1.0,1.0,4.0,0.0,0.0,0.0,0.0,0.0,0.0,1.0,0.0
293,2/25/2020 15:27:56,0.0,0.0,4.0,5.0,1.0,1.0,15.0,41.0,2.0,4.0,1.0,4.0,2.0,112.0,23.0,5.0,27.0,5.0,16.0,0.0,1.0,2.0,1.0,4.0,1.0,0.0,0.0,1.0,0.0,0.0
294,2/25/2020 15:28:01,0.0,0.0,4.0,5.0,0.0,1.0,15.0,24.0,1.0,6.0,1.0,4.0,2.0,51.0,5.0,3.0,5.0,4.0,16.0,0.0,1.0,1.0,1.0,2.0,1.0,0.0,0.0,0.0,0.0,1.0
295,2/25/2020 15:28:24,0.0,0.0,4.0,5.0,1.0,1.0,27.0,35.0,1.0,9.0,1.0,4.0,2.0,96.0,18.0,1.0,12.0,1.0,4.0,0.0,0.0,0.0,1.0,2.0,1.0,0.0,0.0,1.0,0.0,0.0
296,2/25/2020 15:29:04,0.0,0.0,6.0,7.0,0.0,0.0,22.0,19.0,8.0,6.0,1.0,5.0,2.0,146.0,7.0,3.0,6.0,3.0,7.0,0.0,1.0,3.0,0.0,0.0,0.0,0.0,0.0,0.0,0.0,1.0
297,2/25/2020 15:29:53,0.0,0.0,6.0,5.0,1.0,2.0,10.0,12.0,1.0,9.0,1.0,1.0,2.0,59.0,20.0,2.0,20.0,1.0,5.0,0.0,1.0,2.0,0.0,0.0,0.0,1.0,0.0,0.0,0.0,1.0
298,2/25/2020 15:32:02,7.0,0.0,4.0,7.0,1.0,1.0,8.0,55.0,7.0,4.0,0.0,0.0,2.0,74.0,22.0,3.0,22.0,0.0,6.0,0.0,1.0,5.0,0.0,0.0,1.0,0.0,0.0,1.0,0.0,0.0
299,2/25/2020 15:33:17,1.0,1.0,2.0,1.0,1.0,1.0,35.0,30.0,1.0,7.0,1.0,1.0,2.0,27.0,17.0,0.0,15.0,3.0,12.0,0.0,1.0,1.0,0.0,0.0,1.0,0.0,0.0,0.0,0.0,1.0
300,2/25/2020 15:34:22,0.0,0.0,7.0,4.0,1.0,0.0,16.0,21.0,1.0,9.0,0.0,0.0,3.0,138.0,34.0,3.0,27.0,3.0,4.0,0.0,1.0,0.0,0.0,0.0,0.0,1.0,0.0,1.0,0.0,0.0
301,2/25/2020 15:35:08,0.0,0.0,1.0,1.0,1.0,0.0,12.0,4.0,1.0,3.0,1.0,1.0,2.0,27.0,12.0,3.0,12.0,3.0,8.0,0.0,1.0,1.0,0.0,0.0,1.0,0.0,0.0,0.0,0.0,1.0
302,2/25/2020 15:38:32,0.0,0.0,7.0,7.0,1.0,2.0,15.0,22.0,1.0,8.0,1.0,4.0,3.0,153.0,26.0,3.0,28.0,0.0,14.0,0.0,1.0,4.0,1.0,1.0,1.0,0.0,0.0,1.0,0.0,0.0
303,2/25/2020 15:45:02,0.0,1.0,7.0,8.0,1.0,2.0,35.0,47.0,5.0,4.0,1.0,2.0,0.0,57.0,22.0,3.0,22.0,3.0,12.0,1.0,1.0,10.0,1.0,1.0,0.0,1.0,0.0,0.0,0.0,1.0
304,2/25/2020 15:45:03,0.0,0.0,6.0,9.0,1.0,2.0,14.0,24.0,4.0,7.0,1.0,2.0,3.0,49.0,17.0,3.0,19.0,3.0,2.0,0.0,1.0,1.0,0.0,0.0,1.0,0.0,0.0,0.0,0.0,1.0
305,2/25/2020 15:45:04,7.0,1.0,3.0,3.0,1.0,3.0,30.0,53.0,0.0,6.0,0.0,0.0,0.0,155.0,18.0,5.0,14.0,5.0,5.0,0.0,1.0,1.0,0.0,0.0,0.0,0.0,1.0,0.0,0.0,0.0
306,2/25/2020 15:47:21,0.0,0.0,1.0,1.0,1.0,2.0,25.0,23.0,1.0,7.0,1.0,0.0,2.0,67.0,20.0,3.0,16.0,3.0,2.0,0.0,1.0,2.0,0.0,0.0,0.0,0.0,0.0,1.0,0.0,0.0
307,2/25/2020 15:50:39,0.0,0.0,2.0,3.0,0.0,2.0,30.0,41.0,18.0,4.0,0.0,3.0,0.0,2.0,22.0,3.0,22.0,3.0,8.0,1.0,1.0,3.0,1.0,10.0,1.0,0.0,0.0,0.0,0.0,1.0
308,2/25/2020 15:50:41,0.0,0.0,4.0,3.0,1.0,0.0,9.0,21.0,3.0,3.0,0.0,0.0,2.0,10.0,27.0,3.0,0.0,1.0,10.0,0.0,1.0,1.0,0.0,0.0,0.0,1.0,0.0,0.0,1.0,0.0
309,2/25/2020 15:50:49,0.0,1.0,3.0,3.0,1.0,1.0,25.0,29.0,1.0,5.0,1.0,2.0,0.0,118.0,20.0,5.0,19.0,5.0,10.0,0.0,1.0,3.0,0.0,0.0,0.0,1.0,0.0,1.0,0.0,0.0
310,2/25/2020 15:51:49,0.0,0.0,2.0,3.0,1.0,2.0,12.0,12.0,0.0,0.0,0.0,0.0,0.0,100.0,31.0,3.0,21.0,5.0,4.0,0.0,0.0,0.0,0.0,0.0,0.0,1.0,0.0,1.0,0.0,0.0
311,2/25/2020 15:54:29,0.0,1.0,2.0,1.0,1.0,2.0,27.0,30.0,3.0,5.0,1.0,1.0,0.0,67.0,11.0,0.0,8.0,0.0,15.0,1.0,1.0,2.0,0.0,0.0,1.0,0.0,0.0,1.0,0.0,0.0
312,2/25/2020 15:55:33,0.0,1.0,2.0,2.0,1.0,3.0,20.0,20.0,5.0,4.0,1.0,12.0,0.0,45.0,8.0,1.0,8.0,1.0,7.0,0.0,1.0,3.0,0.0,0.0,0.0,1.0,0.0,0.0,0.0,1.0
313,2/25/2020 16:07:36,7.0,0.0,5.0,5.0,0.0,1.0,5.0,5.0,6.0,5.0,1.0,9.0,2.0,106.0,33.0,3.0,23.0,3.0,2.0,0.0,1.0,7.0,0.0,0.0,0.0,1.0,0.0,1.0,0.0,0.0
314,2/26/2020 7:08:48,0.0,0.0,1.0,1.0,1.0,2.0,25.0,23.0,1.0,7.0,1.0,0.0,2.0,67.0,20.0,3.0,16.0,3.0,2.0,0.0,1.0,2.0,0.0,0.0,0.0,0.0,0.0,1.0,0.0,0.0
